sample_column,measurement_type,drug,cell_line,condition_type,concentration_nM,replicate,parse_ok,PC1,PC2
_dyn_#AEE-788_inBT474 1000nM.Tech replicate 1 of 1,dyn,AEE-788,BT474,treatment,1000.0,Tech replicate 1 of 1,True,155.5056407388936,62.42021551393044
_dyn_#AEE-788_inBT474 100nM.Tech replicate 1 of 1,dyn,AEE-788,BT474,treatment,100.0,Tech replicate 1 of 1,True,166.01433483515285,63.59544649090944
_dyn_#AEE-788_inBT474 10nM.Tech replicate 1 of 1,dyn,AEE-788,BT474,treatment,10.0,Tech replicate 1 of 1,True,160.61452943410558,66.94049034320162
_dyn_#AEE-788_inBT474 30000nM.Tech replicate 1 of 1,dyn,AEE-788,BT474,treatment,30000.0,Tech replicate 1 of 1,True,140.17887438998554,59.39446463628336
_dyn_#AEE-788_inBT474 3000nM.Tech replicate 1 of 1,dyn,AEE-788,BT474,treatment,3000.0,Tech replicate 1 of 1,True,155.80219923244996,63.27097832127165
_dyn_#AEE-788_inBT474 300nM.Tech replicate 1 of 1,dyn,AEE-788,BT474,treatment,300.0,Tech replicate 1 of 1,True,157.70388214420993,62.99078306726857
_dyn_#AEE-788_inBT474 30nM.Tech replicate 1 of 1,dyn,AEE-788,BT474,treatment,30.0,Tech replicate 1 of 1,True,136.33672022399094,57.709997506434675
_dyn_#AEE-788_inBT474 3nM.Tech replicate 1 of 1,dyn,AEE-788,BT474,treatment,3.0,Tech replicate 1 of 1,True,151.7244522230003,61.9967845531737
_dyn_#AEE-788_inBT474 DMSO.Tech replicate 1 of 1,dyn,AEE-788,BT474,dmso,0.0,Tech replicate 1 of 1,True,158.72829682227785,63.319185311885114
_dyn_#AEE-788_inBT474 PDPD.Tech replicate 1 of 1,dyn,AEE-788,BT474,pdpd,0.0,Tech replicate 1 of 1,True,125.3768888169348,41.28103235322275
_dyn_#AEW-541 1000nM.Tech replicate 1 of 1,dyn,AEW-541,not_encoded,treatment,1000.0,Tech replicate 1 of 1,True,-4.2017706607453835,-8.509840028452707
_dyn_#AEW-541 100nM.Tech replicate 1 of 1,dyn,AEW-541,not_encoded,treatment,100.0,Tech replicate 1 of 1,True,28.85542160599087,-22.23577454905221
_dyn_#AEW-541 10nM.Tech replicate 1 of 1,dyn,AEW-541,not_encoded,treatment,10.0,Tech replicate 1 of 1,True,7.896089845865484,-13.344620792862937
_dyn_#AEW-541 30000nM.Tech replicate 1 of 1,dyn,AEW-541,not_encoded,treatment,30000.0,Tech replicate 1 of 1,True,-16.930217183544627,-2.886028529226232
_dyn_#AEW-541 3000nM.Tech replicate 1 of 1,dyn,AEW-541,not_encoded,treatment,3000.0,Tech replicate 1 of 1,True,-10.993498935809145,-5.292701699386884
_dyn_#AEW-541 300nM.Tech replicate 1 of 1,dyn,AEW-541,not_encoded,treatment,300.0,Tech replicate 1 of 1,True,24.088153618457444,-18.599414251155764
_dyn_#AEW-541 30nM.Tech replicate 1 of 1,dyn,AEW-541,not_encoded,treatment,30.0,Tech replicate 1 of 1,True,-12.018160076654318,-4.5322889802027575
_dyn_#AEW-541 3nM.Tech replicate 1 of 1,dyn,AEW-541,not_encoded,treatment,3.0,Tech replicate 1 of 1,True,22.46556191097396,-15.844694286207897
_dyn_#AEW-541 DMSO.Tech replicate 1 of 1,dyn,AEW-541,not_encoded,dmso,0.0,Tech replicate 1 of 1,True,17.095932833067668,-13.747067219993387
_dyn_#AEW-541 PDPD.Tech replicate 1 of 1,dyn,AEW-541,not_encoded,pdpd,0.0,Tech replicate 1 of 1,True,53.01568785409381,-41.32528001244833
_dyn_#AMG-208 1000nM.Tech replicate 1 of 1,dyn,AMG-208,not_encoded,treatment,1000.0,Tech replicate 1 of 1,True,-28.653974781856938,-2.5244698576948483
_dyn_#AMG-208 100nM.Tech replicate 1 of 1,dyn,AMG-208,not_encoded,treatment,100.0,Tech replicate 1 of 1,True,-23.296455838456293,-7.15705305733694
_dyn_#AMG-208 10nM.Tech replicate 1 of 1,dyn,AMG-208,not_encoded,treatment,10.0,Tech replicate 1 of 1,True,-10.991332914507419,-12.7450114286648
_dyn_#AMG-208 30000nM.Tech replicate 1 of 1,dyn,AMG-208,not_encoded,treatment,30000.0,Tech replicate 1 of 1,True,-22.42612956355246,-5.62534998711069
_dyn_#AMG-208 3000nM.Tech replicate 1 of 1,dyn,AMG-208,not_encoded,treatment,3000.0,Tech replicate 1 of 1,True,-43.08370605419812,8.97042797355021
_dyn_#AMG-208 300nM.Tech replicate 1 of 1,dyn,AMG-208,not_encoded,treatment,300.0,Tech replicate 1 of 1,True,-23.86215885675019,-3.17942073960309
_dyn_#AMG-208 30nM.Tech replicate 1 of 1,dyn,AMG-208,not_encoded,treatment,30.0,Tech replicate 1 of 1,True,-33.734833087364606,0.6622363157424632
_dyn_#AMG-208 3nM.Tech replicate 1 of 1,dyn,AMG-208,not_encoded,treatment,3.0,Tech replicate 1 of 1,True,27.122014862697867,-28.48942102701384
_dyn_#AMG-208 DMSO.Tech replicate 1 of 1,dyn,AMG-208,not_encoded,dmso,0.0,Tech replicate 1 of 1,True,-0.1584106660797988,-16.42987037044986
_dyn_#AMG-208 PDPD.Tech replicate 1 of 1,dyn,AMG-208,not_encoded,pdpd,0.0,Tech replicate 1 of 1,True,13.41081402371222,-38.33374417352877
_dyn_#AMG-208_withCAKI 1000nM.Tech replicate 1 of 1,dyn,AMG-208_withCAKI,not_encoded,treatment,1000.0,Tech replicate 1 of 1,True,-9.02273209927813,-3.3615212275238164
_dyn_#AMG-208_withCAKI 100nM.Tech replicate 1 of 1,dyn,AMG-208_withCAKI,not_encoded,treatment,100.0,Tech replicate 1 of 1,True,-27.25816748311015,1.688500057968474
_dyn_#AMG-208_withCAKI 10nM.Tech replicate 1 of 1,dyn,AMG-208_withCAKI,not_encoded,treatment,10.0,Tech replicate 1 of 1,True,-35.71688535129144,3.458848353676326
_dyn_#AMG-208_withCAKI 30000nM.Tech replicate 1 of 1,dyn,AMG-208_withCAKI,not_encoded,treatment,30000.0,Tech replicate 1 of 1,True,-6.799045304522547,-3.5911010770162126
_dyn_#AMG-208_withCAKI 3000nM.Tech replicate 1 of 1,dyn,AMG-208_withCAKI,not_encoded,treatment,3000.0,Tech replicate 1 of 1,True,-11.81384200139007,-2.180845832690482
_dyn_#AMG-208_withCAKI 300nM.Tech replicate 1 of 1,dyn,AMG-208_withCAKI,not_encoded,treatment,300.0,Tech replicate 1 of 1,True,-20.68717145060219,-0.5056381739771828
_dyn_#AMG-208_withCAKI 30nM.Tech replicate 1 of 1,dyn,AMG-208_withCAKI,not_encoded,treatment,30.0,Tech replicate 1 of 1,True,-37.825030536355946,4.147620851695319
_dyn_#AMG-208_withCAKI 3nM.Tech replicate 1 of 1,dyn,AMG-208_withCAKI,not_encoded,treatment,3.0,Tech replicate 1 of 1,True,-9.779412546726684,-5.436662187664705
_dyn_#AMG-208_withCAKI DMSO.Tech replicate 1 of 1,dyn,AMG-208_withCAKI,not_encoded,dmso,0.0,Tech replicate 1 of 1,True,-17.273400883427396,-2.8985451972351446
_dyn_#AMG-208_withCAKI PDPD.Tech replicate 1 of 1,dyn,AMG-208_withCAKI,not_encoded,pdpd,0.0,Tech replicate 1 of 1,True,28.977655926001834,-33.15125430375714
_dyn_#AMG-900 1000nM.Tech replicate 1 of 1,dyn,AMG-900,not_encoded,treatment,1000.0,Tech replicate 1 of 1,True,-8.429070975199947,-3.1275633065445936
_dyn_#AMG-900 100nM.Tech replicate 1 of 1,dyn,AMG-900,not_encoded,treatment,100.0,Tech replicate 1 of 1,True,-97.6035781418684,48.889682436168016
_dyn_#AMG-900 10nM.Tech replicate 1 of 1,dyn,AMG-900,not_encoded,treatment,10.0,Tech replicate 1 of 1,True,-96.17106081057676,48.02584146420756
_dyn_#AMG-900 30000nM.Tech replicate 1 of 1,dyn,AMG-900,not_encoded,treatment,30000.0,Tech replicate 1 of 1,True,-80.8439925244192,39.04362485548051
_dyn_#AMG-900 3000nM.Tech replicate 1 of 1,dyn,AMG-900,not_encoded,treatment,3000.0,Tech replicate 1 of 1,True,-96.08348628769998,47.77225042256067
_dyn_#AMG-900 300nM.Tech replicate 1 of 1,dyn,AMG-900,not_encoded,treatment,300.0,Tech replicate 1 of 1,True,-69.69724645010201,32.50796516048015
_dyn_#AMG-900 30nM.Tech replicate 1 of 1,dyn,AMG-900,not_encoded,treatment,30.0,Tech replicate 1 of 1,True,-96.52378957414604,48.54426476711541
_dyn_#AMG-900 3nM.Tech replicate 1 of 1,dyn,AMG-900,not_encoded,treatment,3.0,Tech replicate 1 of 1,True,-89.87567097489098,45.05688696868272
_dyn_#AMG-900 DMSO.Tech replicate 1 of 1,dyn,AMG-900,not_encoded,dmso,0.0,Tech replicate 1 of 1,True,-83.0330519917103,40.094303533083924
_dyn_#AMG-900 PDPD.Tech replicate 1 of 1,dyn,AMG-900,not_encoded,pdpd,0.0,Tech replicate 1 of 1,True,-102.24488215931828,50.91305554875245
_dyn_#ARRY-380 1000nM.Tech replicate 1 of 1,dyn,ARRY-380,not_encoded,treatment,1000.0,Tech replicate 1 of 1,True,-1.4782984164562418,-8.7457990265273
_dyn_#ARRY-380 100nM.Tech replicate 1 of 1,dyn,ARRY-380,not_encoded,treatment,100.0,Tech replicate 1 of 1,True,-6.052344382321198,-7.264677200139017
_dyn_#ARRY-380 10nM.Tech replicate 1 of 1,dyn,ARRY-380,not_encoded,treatment,10.0,Tech replicate 1 of 1,True,12.318527645560366,-12.908487540061905
_dyn_#ARRY-380 30000nM.Tech replicate 1 of 1,dyn,ARRY-380,not_encoded,treatment,30000.0,Tech replicate 1 of 1,True,22.78822466875605,-17.57722041307174
_dyn_#ARRY-380 3000nM.Tech replicate 1 of 1,dyn,ARRY-380,not_encoded,treatment,3000.0,Tech replicate 1 of 1,True,-17.900755329267056,-4.762591929852616
_dyn_#ARRY-380 300nM.Tech replicate 1 of 1,dyn,ARRY-380,not_encoded,treatment,300.0,Tech replicate 1 of 1,True,-12.180682541321593,-4.915424049060563
_dyn_#ARRY-380 30nM.Tech replicate 1 of 1,dyn,ARRY-380,not_encoded,treatment,30.0,Tech replicate 1 of 1,True,48.238982121678,-23.573854432999212
_dyn_#ARRY-380 3nM.Tech replicate 1 of 1,dyn,ARRY-380,not_encoded,treatment,3.0,Tech replicate 1 of 1,True,38.385544138413024,-21.73625957532316
_dyn_#ARRY-380 DMSO.Tech replicate 1 of 1,dyn,ARRY-380,not_encoded,dmso,0.0,Tech replicate 1 of 1,True,15.63607740113993,-14.15163623201291
_dyn_#ARRY-380 PDPD.Tech replicate 1 of 1,dyn,ARRY-380,not_encoded,pdpd,0.0,Tech replicate 1 of 1,True,9.764507703453672,-12.932925444361924
_dyn_#ARRY-380_inBT474 1000nM.Tech replicate 1 of 1,dyn,ARRY-380,BT474,treatment,1000.0,Tech replicate 1 of 1,True,97.01094760928994,46.63518574490215
_dyn_#ARRY-380_inBT474 100nM.Tech replicate 1 of 1,dyn,ARRY-380,BT474,treatment,100.0,Tech replicate 1 of 1,True,75.83197967696266,36.30316812083088
_dyn_#ARRY-380_inBT474 10nM.Tech replicate 1 of 1,dyn,ARRY-380,BT474,treatment,10.0,Tech replicate 1 of 1,True,84.09123086107813,39.726662156755864
_dyn_#ARRY-380_inBT474 30000nM.Tech replicate 1 of 1,dyn,ARRY-380,BT474,treatment,30000.0,Tech replicate 1 of 1,True,109.14885995879116,50.91011220711917
_dyn_#ARRY-380_inBT474 3000nM.Tech replicate 1 of 1,dyn,ARRY-380,BT474,treatment,3000.0,Tech replicate 1 of 1,True,93.85359294504742,43.4649751286839
_dyn_#ARRY-380_inBT474 300nM.Tech replicate 1 of 1,dyn,ARRY-380,BT474,treatment,300.0,Tech replicate 1 of 1,True,79.21287822181175,38.307644939304865
_dyn_#ARRY-380_inBT474 30nM.Tech replicate 1 of 1,dyn,ARRY-380,BT474,treatment,30.0,Tech replicate 1 of 1,True,85.70296566573903,40.22257978469463
_dyn_#ARRY-380_inBT474 3nM.Tech replicate 1 of 1,dyn,ARRY-380,BT474,treatment,3.0,Tech replicate 1 of 1,True,113.18556371473746,51.18169844897568
_dyn_#ARRY-380_inBT474 DMSO.Tech replicate 1 of 1,dyn,ARRY-380,BT474,dmso,0.0,Tech replicate 1 of 1,True,98.17775531108903,41.947707723532574
_dyn_#ARRY-380_inBT474 PDPD.Tech replicate 1 of 1,dyn,ARRY-380,BT474,pdpd,0.0,Tech replicate 1 of 1,True,83.4135017051386,32.42130639087445
_dyn_#ASP-3026 1000nM.Tech replicate 1 of 1,dyn,ASP-3026,not_encoded,treatment,1000.0,Tech replicate 1 of 1,True,-55.849148361591574,11.022610913592487
_dyn_#ASP-3026 100nM.Tech replicate 1 of 1,dyn,ASP-3026,not_encoded,treatment,100.0,Tech replicate 1 of 1,True,-25.442796948777726,-1.9271749540339222
_dyn_#ASP-3026 10nM.Tech replicate 1 of 1,dyn,ASP-3026,not_encoded,treatment,10.0,Tech replicate 1 of 1,True,-30.09792830220504,0.8113797869372309
_dyn_#ASP-3026 30000nM.Tech replicate 1 of 1,dyn,ASP-3026,not_encoded,treatment,30000.0,Tech replicate 1 of 1,True,-33.21347367870812,2.3368502090411645
_dyn_#ASP-3026 3000nM.Tech replicate 1 of 1,dyn,ASP-3026,not_encoded,treatment,3000.0,Tech replicate 1 of 1,True,-24.73552755919796,-2.1194722221875697
_dyn_#ASP-3026 300nM.Tech replicate 1 of 1,dyn,ASP-3026,not_encoded,treatment,300.0,Tech replicate 1 of 1,True,-43.398513611215755,6.017546874161642
_dyn_#ASP-3026 30nM.Tech replicate 1 of 1,dyn,ASP-3026,not_encoded,treatment,30.0,Tech replicate 1 of 1,True,-25.70271782505338,-1.2320348824167244
_dyn_#ASP-3026 3nM.Tech replicate 1 of 1,dyn,ASP-3026,not_encoded,treatment,3.0,Tech replicate 1 of 1,True,-12.662764225884406,-6.200251530475024
_dyn_#ASP-3026 DMSO.Tech replicate 1 of 1,dyn,ASP-3026,not_encoded,dmso,0.0,Tech replicate 1 of 1,True,-31.30107694674627,1.805087218423845
_dyn_#ASP-3026 PDPD.Tech replicate 1 of 1,dyn,ASP-3026,not_encoded,pdpd,0.0,Tech replicate 1 of 1,True,-18.73568305170477,-8.098102791154986
_dyn_#AT-13148 1000nM.Tech replicate 1 of 1,dyn,AT-13148,not_encoded,treatment,1000.0,Tech replicate 1 of 1,True,113.58630468056218,-92.7408924016512
_dyn_#AT-13148 100nM.Tech replicate 1 of 1,dyn,AT-13148,not_encoded,treatment,100.0,Tech replicate 1 of 1,True,99.90791215178503,-83.28427355796126
_dyn_#AT-13148 10nM.Tech replicate 1 of 1,dyn,AT-13148,not_encoded,treatment,10.0,Tech replicate 1 of 1,True,48.54420103557311,-35.48990474901309
_dyn_#AT-13148 30000nM.Tech replicate 1 of 1,dyn,AT-13148,not_encoded,treatment,30000.0,Tech replicate 1 of 1,True,81.61511847728433,-63.89884864582548
_dyn_#AT-13148 3000nM.Tech replicate 1 of 1,dyn,AT-13148,not_encoded,treatment,3000.0,Tech replicate 1 of 1,True,71.71476190480202,-59.24795899867624
_dyn_#AT-13148 300nM.Tech replicate 1 of 1,dyn,AT-13148,not_encoded,treatment,300.0,Tech replicate 1 of 1,True,91.29403054118504,-74.60322764174438
_dyn_#AT-13148 30nM.Tech replicate 1 of 1,dyn,AT-13148,not_encoded,treatment,30.0,Tech replicate 1 of 1,True,76.4357881926676,-60.80574608874126
_dyn_#AT-13148 3nM.Tech replicate 1 of 1,dyn,AT-13148,not_encoded,treatment,3.0,Tech replicate 1 of 1,True,33.69546870054138,-29.319493226453382
_dyn_#AT-13148 DMSO.Tech replicate 1 of 1,dyn,AT-13148,not_encoded,dmso,0.0,Tech replicate 1 of 1,True,105.28810797852178,-85.37552398256388
_dyn_#AT-13148 PDPD.Tech replicate 1 of 1,dyn,AT-13148,not_encoded,pdpd,0.0,Tech replicate 1 of 1,True,33.797031234891904,-27.868327649662966
_dyn_#AT-7519 1000nM.Tech replicate 1 of 1,dyn,AT-7519,not_encoded,treatment,1000.0,Tech replicate 1 of 1,True,-32.677934837652835,7.670199568048554
_dyn_#AT-7519 100nM.Tech replicate 1 of 1,dyn,AT-7519,not_encoded,treatment,100.0,Tech replicate 1 of 1,True,-33.09052192416753,6.952659782919792
_dyn_#AT-7519 10nM.Tech replicate 1 of 1,dyn,AT-7519,not_encoded,treatment,10.0,Tech replicate 1 of 1,True,7.238250154798334,-18.136209580221852
_dyn_#AT-7519 30000nM.Tech replicate 1 of 1,dyn,AT-7519,not_encoded,treatment,30000.0,Tech replicate 1 of 1,True,-3.7352235636866076,-9.640990084771545
_dyn_#AT-7519 3000nM.Tech replicate 1 of 1,dyn,AT-7519,not_encoded,treatment,3000.0,Tech replicate 1 of 1,True,-26.495512858654287,3.095523354423321
_dyn_#AT-7519 300nM.Tech replicate 1 of 1,dyn,AT-7519,not_encoded,treatment,300.0,Tech replicate 1 of 1,True,-19.970385968652337,-1.0898262055043388
_dyn_#AT-7519 30nM.Tech replicate 1 of 1,dyn,AT-7519,not_encoded,treatment,30.0,Tech replicate 1 of 1,True,-19.564398409903934,-0.08953388383349793
_dyn_#AT-7519 3nM.Tech replicate 1 of 1,dyn,AT-7519,not_encoded,treatment,3.0,Tech replicate 1 of 1,True,27.517548898405025,-27.8163155754714
_dyn_#AT-7519 DMSO.Tech replicate 1 of 1,dyn,AT-7519,not_encoded,dmso,0.0,Tech replicate 1 of 1,True,-29.26040100310189,3.9524788360661898
_dyn_#AT-7519 PDPD.Tech replicate 1 of 1,dyn,AT-7519,not_encoded,pdpd,0.0,Tech replicate 1 of 1,True,-25.412708118406577,0.2964602525728822
_dyn_#AT-9283 1000nM.Tech replicate 1 of 1,dyn,AT-9283,not_encoded,treatment,1000.0,Tech replicate 1 of 1,True,6.6759427666845825,-16.204459898592667
_dyn_#AT-9283 100nM.Tech replicate 1 of 1,dyn,AT-9283,not_encoded,treatment,100.0,Tech replicate 1 of 1,True,16.936923254623913,-20.550417781206683
_dyn_#AT-9283 10nM.Tech replicate 1 of 1,dyn,AT-9283,not_encoded,treatment,10.0,Tech replicate 1 of 1,True,1.6944866394758533,-10.95653410237067
_dyn_#AT-9283 30000nM.Tech replicate 1 of 1,dyn,AT-9283,not_encoded,treatment,30000.0,Tech replicate 1 of 1,True,1.5012457086780853,-15.405534968920001
_dyn_#AT-9283 3000nM.Tech replicate 1 of 1,dyn,AT-9283,not_encoded,treatment,3000.0,Tech replicate 1 of 1,True,43.29308833881505,-38.85435124314945
_dyn_#AT-9283 300nM.Tech replicate 1 of 1,dyn,AT-9283,not_encoded,treatment,300.0,Tech replicate 1 of 1,True,-10.491804788028666,-6.7808816948625505
_dyn_#AT-9283 30nM.Tech replicate 1 of 1,dyn,AT-9283,not_encoded,treatment,30.0,Tech replicate 1 of 1,True,-23.42737855961237,1.9515271163331034
_dyn_#AT-9283 3nM.Tech replicate 1 of 1,dyn,AT-9283,not_encoded,treatment,3.0,Tech replicate 1 of 1,True,3.6954492941167687,-13.683988445223946
_dyn_#AT-9283 DMSO.Tech replicate 1 of 1,dyn,AT-9283,not_encoded,dmso,0.0,Tech replicate 1 of 1,True,11.38612547208924,-20.282056346390846
_dyn_#AT-9283 PDPD.Tech replicate 1 of 1,dyn,AT-9283,not_encoded,pdpd,0.0,Tech replicate 1 of 1,True,13.80764420328635,-19.99878979626069
_dyn_#AV-412 1000nM.Tech replicate 1 of 1,dyn,AV-412,not_encoded,treatment,1000.0,Tech replicate 1 of 1,True,-20.600832894079577,-3.244998942178139
_dyn_#AV-412 100nM.Tech replicate 1 of 1,dyn,AV-412,not_encoded,treatment,100.0,Tech replicate 1 of 1,True,-18.89476211604289,-5.986625774755076
_dyn_#AV-412 10nM.Tech replicate 1 of 1,dyn,AV-412,not_encoded,treatment,10.0,Tech replicate 1 of 1,True,-30.613888964681273,-0.31215385066388035
_dyn_#AV-412 30000nM.Tech replicate 1 of 1,dyn,AV-412,not_encoded,treatment,30000.0,Tech replicate 1 of 1,True,-34.586219887127186,1.6210746574445183
_dyn_#AV-412 3000nM.Tech replicate 1 of 1,dyn,AV-412,not_encoded,treatment,3000.0,Tech replicate 1 of 1,True,-33.16069748725556,2.678567902947227
_dyn_#AV-412 300nM.Tech replicate 1 of 1,dyn,AV-412,not_encoded,treatment,300.0,Tech replicate 1 of 1,True,-24.080761152391112,-5.3890866765018925
_dyn_#AV-412 30nM.Tech replicate 1 of 1,dyn,AV-412,not_encoded,treatment,30.0,Tech replicate 1 of 1,True,-20.752597963261024,-6.9893525232408615
_dyn_#AV-412 3nM.Tech replicate 1 of 1,dyn,AV-412,not_encoded,treatment,3.0,Tech replicate 1 of 1,True,-17.620933610435987,-4.406475315666091
_dyn_#AV-412 DMSO.Tech replicate 1 of 1,dyn,AV-412,not_encoded,dmso,0.0,Tech replicate 1 of 1,True,-25.747188846031044,-0.8019684389194446
_dyn_#AV-412 PDPD.Tech replicate 1 of 1,dyn,AV-412,not_encoded,pdpd,0.0,Tech replicate 1 of 1,True,-31.45589246149099,3.3771420714247022
_dyn_#AV-412_inBT474 1000nM.Tech replicate 1 of 1,dyn,AV-412,BT474,treatment,1000.0,Tech replicate 1 of 1,True,111.62067878684562,58.280217730705616
_dyn_#AV-412_inBT474 100nM.Tech replicate 1 of 1,dyn,AV-412,BT474,treatment,100.0,Tech replicate 1 of 1,True,103.08711025308106,53.430119961466005
_dyn_#AV-412_inBT474 10nM.Tech replicate 1 of 1,dyn,AV-412,BT474,treatment,10.0,Tech replicate 1 of 1,True,104.16442359573533,55.25870992648313
_dyn_#AV-412_inBT474 30000nM.Tech replicate 1 of 1,dyn,AV-412,BT474,treatment,30000.0,Tech replicate 1 of 1,True,84.02952315919397,47.251333565743685
_dyn_#AV-412_inBT474 3000nM.Tech replicate 1 of 1,dyn,AV-412,BT474,treatment,3000.0,Tech replicate 1 of 1,True,110.84876941917952,57.4886363068528
_dyn_#AV-412_inBT474 300nM.Tech replicate 1 of 1,dyn,AV-412,BT474,treatment,300.0,Tech replicate 1 of 1,True,99.56860480050382,52.680682882385014
_dyn_#AV-412_inBT474 30nM.Tech replicate 1 of 1,dyn,AV-412,BT474,treatment,30.0,Tech replicate 1 of 1,True,94.68686409500292,47.69219224291924
_dyn_#AV-412_inBT474 3nM.Tech replicate 1 of 1,dyn,AV-412,BT474,treatment,3.0,Tech replicate 1 of 1,True,103.23457977698259,55.783722896413465
_dyn_#AV-412_inBT474 DMSO.Tech replicate 1 of 1,dyn,AV-412,BT474,dmso,0.0,Tech replicate 1 of 1,True,99.02174194313749,53.97718426935188
_dyn_#AV-412_inBT474 PDPD.Tech replicate 1 of 1,dyn,AV-412,BT474,pdpd,0.0,Tech replicate 1 of 1,True,71.89919041172766,37.78247822208729
_dyn_#AXL-1717 1000nM.Tech replicate 1 of 1,dyn,AXL-1717,not_encoded,treatment,1000.0,Tech replicate 1 of 1,True,-96.32954925287916,23.90133351748409
_dyn_#AXL-1717 100nM.Tech replicate 1 of 1,dyn,AXL-1717,not_encoded,treatment,100.0,Tech replicate 1 of 1,True,-74.31225519038418,18.47855544496613
_dyn_#AXL-1717 10nM.Tech replicate 1 of 1,dyn,AXL-1717,not_encoded,treatment,10.0,Tech replicate 1 of 1,True,-77.80258011279861,19.118219540988573
_dyn_#AXL-1717 30000nM.Tech replicate 1 of 1,dyn,AXL-1717,not_encoded,treatment,30000.0,Tech replicate 1 of 1,True,-89.62607148648011,25.19915969585734
_dyn_#AXL-1717 3000nM.Tech replicate 1 of 1,dyn,AXL-1717,not_encoded,treatment,3000.0,Tech replicate 1 of 1,True,-87.30966802544516,26.687379426937966
_dyn_#AXL-1717 300nM.Tech replicate 1 of 1,dyn,AXL-1717,not_encoded,treatment,300.0,Tech replicate 1 of 1,True,-94.36558954982611,25.335823173893573
_dyn_#AXL-1717 30nM.Tech replicate 1 of 1,dyn,AXL-1717,not_encoded,treatment,30.0,Tech replicate 1 of 1,True,-99.30883674412802,26.73951475984109
_dyn_#AXL-1717 3nM.Tech replicate 1 of 1,dyn,AXL-1717,not_encoded,treatment,3.0,Tech replicate 1 of 1,True,-87.59587099066059,23.685681387412288
_dyn_#AXL-1717 DMSO.Tech replicate 1 of 1,dyn,AXL-1717,not_encoded,dmso,0.0,Tech replicate 1 of 1,True,-55.77141863514776,11.54545701098451
_dyn_#AXL-1717 PDPD.Tech replicate 1 of 1,dyn,AXL-1717,not_encoded,pdpd,0.0,Tech replicate 1 of 1,True,-84.95651415060898,23.593979706123676
_dyn_#AZD-1208 1000nM.Tech replicate 1 of 1,dyn,AZD-1208,not_encoded,treatment,1000.0,Tech replicate 1 of 1,True,-30.69034732426135,0.2564785608252297
_dyn_#AZD-1208 100nM.Tech replicate 1 of 1,dyn,AZD-1208,not_encoded,treatment,100.0,Tech replicate 1 of 1,True,-29.14330834689939,-1.6375845665590805
_dyn_#AZD-1208 10nM.Tech replicate 1 of 1,dyn,AZD-1208,not_encoded,treatment,10.0,Tech replicate 1 of 1,True,-30.907011140765754,2.2344278837387237
_dyn_#AZD-1208 30000nM.Tech replicate 1 of 1,dyn,AZD-1208,not_encoded,treatment,30000.0,Tech replicate 1 of 1,True,-21.780206078865398,-2.4135733702816378
_dyn_#AZD-1208 3000nM.Tech replicate 1 of 1,dyn,AZD-1208,not_encoded,treatment,3000.0,Tech replicate 1 of 1,True,-38.83612535168081,2.4186030316430793
_dyn_#AZD-1208 300nM.Tech replicate 1 of 1,dyn,AZD-1208,not_encoded,treatment,300.0,Tech replicate 1 of 1,True,-38.71556493854803,2.1389685299531767
_dyn_#AZD-1208 30nM.Tech replicate 1 of 1,dyn,AZD-1208,not_encoded,treatment,30.0,Tech replicate 1 of 1,True,-48.77555219633756,6.254859259471396
_dyn_#AZD-1208 3nM.Tech replicate 1 of 1,dyn,AZD-1208,not_encoded,treatment,3.0,Tech replicate 1 of 1,True,-32.05595148565936,1.799262037923768
_dyn_#AZD-1208 DMSO.Tech replicate 1 of 1,dyn,AZD-1208,not_encoded,dmso,0.0,Tech replicate 1 of 1,True,6.409656156849675,-21.534725121084666
_dyn_#AZD-1208 PDPD.Tech replicate 1 of 1,dyn,AZD-1208,not_encoded,pdpd,0.0,Tech replicate 1 of 1,True,-46.29885425696514,9.917461301141655
_dyn_#AZD-1480 1000nM.Tech replicate 1 of 1,dyn,AZD-1480,not_encoded,treatment,1000.0,Tech replicate 1 of 1,True,-11.223618683215006,-5.077380799052976
_dyn_#AZD-1480 100nM.Tech replicate 1 of 1,dyn,AZD-1480,not_encoded,treatment,100.0,Tech replicate 1 of 1,True,-6.491732036164269,-7.078190716168352
_dyn_#AZD-1480 10nM.Tech replicate 1 of 1,dyn,AZD-1480,not_encoded,treatment,10.0,Tech replicate 1 of 1,True,-10.918519652867177,-5.994496499412501
_dyn_#AZD-1480 30000nM.Tech replicate 1 of 1,dyn,AZD-1480,not_encoded,treatment,30000.0,Tech replicate 1 of 1,True,3.5133261557997013,-14.512563608753618
_dyn_#AZD-1480 3000nM.Tech replicate 1 of 1,dyn,AZD-1480,not_encoded,treatment,3000.0,Tech replicate 1 of 1,True,-3.147081336675224,-10.343837511925745
_dyn_#AZD-1480 300nM.Tech replicate 1 of 1,dyn,AZD-1480,not_encoded,treatment,300.0,Tech replicate 1 of 1,True,-11.884743406797561,-5.049330420909461
_dyn_#AZD-1480 30nM.Tech replicate 1 of 1,dyn,AZD-1480,not_encoded,treatment,30.0,Tech replicate 1 of 1,True,-17.24272551417549,-1.7139833045859225
_dyn_#AZD-1480 3nM.Tech replicate 1 of 1,dyn,AZD-1480,not_encoded,treatment,3.0,Tech replicate 1 of 1,True,-19.66600289830894,-0.31534081032528866
_dyn_#AZD-1480 DMSO.Tech replicate 1 of 1,dyn,AZD-1480,not_encoded,dmso,0.0,Tech replicate 1 of 1,True,9.506123598439887,-22.895821978143356
_dyn_#AZD-1480 PDPD.Tech replicate 1 of 1,dyn,AZD-1480,not_encoded,pdpd,0.0,Tech replicate 1 of 1,True,11.434640928462645,-14.77768043166557
_dyn_#AZD-2014 1000nM.Tech replicate 1 of 1,dyn,AZD-2014,not_encoded,treatment,1000.0,Tech replicate 1 of 1,True,-0.10776647279611776,-17.6335428626804
_dyn_#AZD-2014 100nM.Tech replicate 1 of 1,dyn,AZD-2014,not_encoded,treatment,100.0,Tech replicate 1 of 1,True,-7.925276738584017,-12.205391604973926
_dyn_#AZD-2014 10nM.Tech replicate 1 of 1,dyn,AZD-2014,not_encoded,treatment,10.0,Tech replicate 1 of 1,True,2.5031233722528197,-20.613266338153334
_dyn_#AZD-2014 30000nM.Tech replicate 1 of 1,dyn,AZD-2014,not_encoded,treatment,30000.0,Tech replicate 1 of 1,True,8.935209670925625,-21.70817136573578
_dyn_#AZD-2014 3000nM.Tech replicate 1 of 1,dyn,AZD-2014,not_encoded,treatment,3000.0,Tech replicate 1 of 1,True,-88.7138009872298,39.70321332025127
_dyn_#AZD-2014 300nM.Tech replicate 1 of 1,dyn,AZD-2014,not_encoded,treatment,300.0,Tech replicate 1 of 1,True,-6.820695378292667,-12.02417844763992
_dyn_#AZD-2014 30nM.Tech replicate 1 of 1,dyn,AZD-2014,not_encoded,treatment,30.0,Tech replicate 1 of 1,True,-11.837516413810809,-9.691305319051263
_dyn_#AZD-2014 3nM.Tech replicate 1 of 1,dyn,AZD-2014,not_encoded,treatment,3.0,Tech replicate 1 of 1,True,13.340513797964196,-28.920739674989044
_dyn_#AZD-2014 DMSO.Tech replicate 1 of 1,dyn,AZD-2014,not_encoded,dmso,0.0,Tech replicate 1 of 1,True,-15.598656196252916,-10.024918048490113
_dyn_#AZD-2014 PDPD.Tech replicate 1 of 1,dyn,AZD-2014,not_encoded,pdpd,0.0,Tech replicate 1 of 1,True,49.38577877852566,-57.86608272313973
_dyn_#AZD-4547 1000nM.Tech replicate 1 of 1,dyn,AZD-4547,not_encoded,treatment,1000.0,Tech replicate 1 of 1,True,51.87880429048403,-40.85370899265837
_dyn_#AZD-4547 100nM.Tech replicate 1 of 1,dyn,AZD-4547,not_encoded,treatment,100.0,Tech replicate 1 of 1,True,22.6628522449081,-26.373008957427498
_dyn_#AZD-4547 10nM.Tech replicate 1 of 1,dyn,AZD-4547,not_encoded,treatment,10.0,Tech replicate 1 of 1,True,37.66150959040184,-35.11254457754967
_dyn_#AZD-4547 30000nM.Tech replicate 1 of 1,dyn,AZD-4547,not_encoded,treatment,30000.0,Tech replicate 1 of 1,True,-1.8518249126375954,-13.585989764236045
_dyn_#AZD-4547 3000nM.Tech replicate 1 of 1,dyn,AZD-4547,not_encoded,treatment,3000.0,Tech replicate 1 of 1,True,29.387946257489304,-29.17705633271271
_dyn_#AZD-4547 300nM.Tech replicate 1 of 1,dyn,AZD-4547,not_encoded,treatment,300.0,Tech replicate 1 of 1,True,25.772006143084134,-27.229600155583487
_dyn_#AZD-4547 30nM.Tech replicate 1 of 1,dyn,AZD-4547,not_encoded,treatment,30.0,Tech replicate 1 of 1,True,11.020850839497927,-19.810885750157922
_dyn_#AZD-4547 3nM.Tech replicate 1 of 1,dyn,AZD-4547,not_encoded,treatment,3.0,Tech replicate 1 of 1,True,22.825513102988843,-26.20420837811657
_dyn_#AZD-4547 DMSO.Tech replicate 1 of 1,dyn,AZD-4547,not_encoded,dmso,0.0,Tech replicate 1 of 1,True,-13.916389066808259,-8.43583737584062
_dyn_#AZD-4547 PDPD.Tech replicate 1 of 1,dyn,AZD-4547,not_encoded,pdpd,0.0,Tech replicate 1 of 1,True,53.85382791249877,-39.41021877431999
_dyn_#AZD-5363 1000nM.Tech replicate 1 of 1,dyn,AZD-5363,not_encoded,treatment,1000.0,Tech replicate 1 of 1,True,5.949987517211431,-11.284118558162078
_dyn_#AZD-5363 100nM.Tech replicate 1 of 1,dyn,AZD-5363,not_encoded,treatment,100.0,Tech replicate 1 of 1,True,-16.80034783268549,-4.858984189489688
_dyn_#AZD-5363 10nM.Tech replicate 1 of 1,dyn,AZD-5363,not_encoded,treatment,10.0,Tech replicate 1 of 1,True,0.9165571389889067,-10.97910200051946
_dyn_#AZD-5363 30000nM.Tech replicate 1 of 1,dyn,AZD-5363,not_encoded,treatment,30000.0,Tech replicate 1 of 1,True,22.573800403882817,-20.332298272004202
_dyn_#AZD-5363 3000nM.Tech replicate 1 of 1,dyn,AZD-5363,not_encoded,treatment,3000.0,Tech replicate 1 of 1,True,22.72851940633065,-20.690662312976716
_dyn_#AZD-5363 300nM.Tech replicate 1 of 1,dyn,AZD-5363,not_encoded,treatment,300.0,Tech replicate 1 of 1,True,-12.836410876873378,-4.746615806646925
_dyn_#AZD-5363 30nM.Tech replicate 1 of 1,dyn,AZD-5363,not_encoded,treatment,30.0,Tech replicate 1 of 1,True,-18.503056619815272,-5.7428445650932725
_dyn_#AZD-5363 3nM.Tech replicate 1 of 1,dyn,AZD-5363,not_encoded,treatment,3.0,Tech replicate 1 of 1,True,10.370531898684712,-13.273076601909992
_dyn_#AZD-5363 DMSO.Tech replicate 1 of 1,dyn,AZD-5363,not_encoded,dmso,0.0,Tech replicate 1 of 1,True,-14.014833794502097,-5.127618918026524
_dyn_#AZD-5363 PDPD.Tech replicate 1 of 1,dyn,AZD-5363,not_encoded,pdpd,0.0,Tech replicate 1 of 1,True,10.543793231539519,-12.977133341575833
_dyn_#AZD-5438 1000nM.Tech replicate 1 of 1,dyn,AZD-5438,not_encoded,treatment,1000.0,Tech replicate 1 of 1,True,-38.81891558245195,6.3457004350129464
_dyn_#AZD-5438 100nM.Tech replicate 1 of 1,dyn,AZD-5438,not_encoded,treatment,100.0,Tech replicate 1 of 1,True,-10.571131565540925,-2.6298981604245038
_dyn_#AZD-5438 10nM.Tech replicate 1 of 1,dyn,AZD-5438,not_encoded,treatment,10.0,Tech replicate 1 of 1,True,-47.85260368475494,15.092856954424992
_dyn_#AZD-5438 30000nM.Tech replicate 1 of 1,dyn,AZD-5438,not_encoded,treatment,30000.0,Tech replicate 1 of 1,True,-20.734757418337907,-1.923509429994399
_dyn_#AZD-5438 3000nM.Tech replicate 1 of 1,dyn,AZD-5438,not_encoded,treatment,3000.0,Tech replicate 1 of 1,True,-19.79459190542195,-3.426048357872597
_dyn_#AZD-5438 300nM.Tech replicate 1 of 1,dyn,AZD-5438,not_encoded,treatment,300.0,Tech replicate 1 of 1,True,-38.87665571599674,5.9260220259775185
_dyn_#AZD-5438 30nM.Tech replicate 1 of 1,dyn,AZD-5438,not_encoded,treatment,30.0,Tech replicate 1 of 1,True,-10.679597277804149,-2.651954244348242
_dyn_#AZD-5438 3nM.Tech replicate 1 of 1,dyn,AZD-5438,not_encoded,treatment,3.0,Tech replicate 1 of 1,True,-11.35366346447119,-2.3709507833992163
_dyn_#AZD-5438 DMSO.Tech replicate 1 of 1,dyn,AZD-5438,not_encoded,dmso,0.0,Tech replicate 1 of 1,True,-38.00997447420838,5.380527717421077
_dyn_#AZD-5438 PDPD.Tech replicate 1 of 1,dyn,AZD-5438,not_encoded,pdpd,0.0,Tech replicate 1 of 1,True,-29.06602237447742,5.385784465470872
_dyn_#AZD-6482 1000nM.Tech replicate 1 of 1,dyn,AZD-6482,not_encoded,treatment,1000.0,Tech replicate 1 of 1,True,38.31573917117906,-30.368277929252546
_dyn_#AZD-6482 100nM.Tech replicate 1 of 1,dyn,AZD-6482,not_encoded,treatment,100.0,Tech replicate 1 of 1,True,26.422810875027437,-21.902093570142235
_dyn_#AZD-6482 10nM.Tech replicate 1 of 1,dyn,AZD-6482,not_encoded,treatment,10.0,Tech replicate 1 of 1,True,40.91131161893808,-33.69670774984322
_dyn_#AZD-6482 30000nM.Tech replicate 1 of 1,dyn,AZD-6482,not_encoded,treatment,30000.0,Tech replicate 1 of 1,True,39.375889752748094,-29.64577229935836
_dyn_#AZD-6482 3000nM.Tech replicate 1 of 1,dyn,AZD-6482,not_encoded,treatment,3000.0,Tech replicate 1 of 1,True,47.304775131560575,-34.29235028221899
_dyn_#AZD-6482 300nM.Tech replicate 1 of 1,dyn,AZD-6482,not_encoded,treatment,300.0,Tech replicate 1 of 1,True,44.60595277549545,-34.06429710909697
_dyn_#AZD-6482 30nM.Tech replicate 1 of 1,dyn,AZD-6482,not_encoded,treatment,30.0,Tech replicate 1 of 1,True,40.951285954597715,-33.043424072107214
_dyn_#AZD-6482 3nM.Tech replicate 1 of 1,dyn,AZD-6482,not_encoded,treatment,3.0,Tech replicate 1 of 1,True,41.98145229742003,-35.199326842741755
_dyn_#AZD-6482 DMSO.Tech replicate 1 of 1,dyn,AZD-6482,not_encoded,dmso,0.0,Tech replicate 1 of 1,True,16.383009540162853,-18.762919708466974
_dyn_#AZD-6482 PDPD.Tech replicate 1 of 1,dyn,AZD-6482,not_encoded,pdpd,0.0,Tech replicate 1 of 1,True,3.141869882389502,-7.569131202509126
_dyn_#AZD-7762 1000nM.Tech replicate 1 of 1,dyn,AZD-7762,not_encoded,treatment,1000.0,Tech replicate 1 of 1,True,-38.084303391642464,9.427715529269111
_dyn_#AZD-7762 100nM.Tech replicate 1 of 1,dyn,AZD-7762,not_encoded,treatment,100.0,Tech replicate 1 of 1,True,-30.474264188444558,5.475701034200094
_dyn_#AZD-7762 10nM.Tech replicate 1 of 1,dyn,AZD-7762,not_encoded,treatment,10.0,Tech replicate 1 of 1,True,-34.48738151808786,7.8139230222538
_dyn_#AZD-7762 30000nM.Tech replicate 1 of 1,dyn,AZD-7762,not_encoded,treatment,30000.0,Tech replicate 1 of 1,True,-45.10740559863044,13.755169283512878
_dyn_#AZD-7762 3000nM.Tech replicate 1 of 1,dyn,AZD-7762,not_encoded,treatment,3000.0,Tech replicate 1 of 1,True,-35.023059701491384,8.405272066090172
_dyn_#AZD-7762 300nM.Tech replicate 1 of 1,dyn,AZD-7762,not_encoded,treatment,300.0,Tech replicate 1 of 1,True,-36.67098818586135,9.304032629205151
_dyn_#AZD-7762 30nM.Tech replicate 1 of 1,dyn,AZD-7762,not_encoded,treatment,30.0,Tech replicate 1 of 1,True,-38.42957866522003,9.312078550938125
_dyn_#AZD-7762 3nM.Tech replicate 1 of 1,dyn,AZD-7762,not_encoded,treatment,3.0,Tech replicate 1 of 1,True,-30.398235150440424,5.800297217517162
_dyn_#AZD-7762 DMSO.Tech replicate 1 of 1,dyn,AZD-7762,not_encoded,dmso,0.0,Tech replicate 1 of 1,True,-29.219588923540492,4.610200307992697
_dyn_#AZD-7762 PDPD.Tech replicate 1 of 1,dyn,AZD-7762,not_encoded,pdpd,0.0,Tech replicate 1 of 1,True,-25.38149552993699,0.4387648106043885
_dyn_#AZD-8055 1000nM.Tech replicate 1 of 1,dyn,AZD-8055,not_encoded,treatment,1000.0,Tech replicate 1 of 1,True,19.53513021524457,-25.17944446119288
_dyn_#AZD-8055 100nM.Tech replicate 1 of 1,dyn,AZD-8055,not_encoded,treatment,100.0,Tech replicate 1 of 1,True,17.987329006222872,-21.69471705289425
_dyn_#AZD-8055 10nM.Tech replicate 1 of 1,dyn,AZD-8055,not_encoded,treatment,10.0,Tech replicate 1 of 1,True,-3.8412177417829687,-9.821151913835026
_dyn_#AZD-8055 30000nM.Tech replicate 1 of 1,dyn,AZD-8055,not_encoded,treatment,30000.0,Tech replicate 1 of 1,True,24.451063237657685,-24.2792667079599
_dyn_#AZD-8055 3000nM.Tech replicate 1 of 1,dyn,AZD-8055,not_encoded,treatment,3000.0,Tech replicate 1 of 1,True,36.18905209262473,-30.658861455808285
_dyn_#AZD-8055 300nM.Tech replicate 1 of 1,dyn,AZD-8055,not_encoded,treatment,300.0,Tech replicate 1 of 1,True,20.65145604510658,-25.653132153552477
_dyn_#AZD-8055 30nM.Tech replicate 1 of 1,dyn,AZD-8055,not_encoded,treatment,30.0,Tech replicate 1 of 1,True,-2.57703820816919,-11.99020180360877
_dyn_#AZD-8055 3nM.Tech replicate 1 of 1,dyn,AZD-8055,not_encoded,treatment,3.0,Tech replicate 1 of 1,True,8.394460888368574,-17.05978504038682
_dyn_#AZD-8055 DMSO.Tech replicate 1 of 1,dyn,AZD-8055,not_encoded,dmso,0.0,Tech replicate 1 of 1,True,14.880487720521515,-20.796525756058987
_dyn_#AZD-8055 PDPD.Tech replicate 1 of 1,dyn,AZD-8055,not_encoded,pdpd,0.0,Tech replicate 1 of 1,True,-9.181112755046774,-5.197792107587834
_dyn_#AZD-8186 1000nM.Tech replicate 1 of 1,dyn,AZD-8186,not_encoded,treatment,1000.0,Tech replicate 1 of 1,True,-4.861677536822542,-7.072476656212139
_dyn_#AZD-8186 100nM.Tech replicate 1 of 1,dyn,AZD-8186,not_encoded,treatment,100.0,Tech replicate 1 of 1,True,1.951467384806948,-10.05305086567861
_dyn_#AZD-8186 10nM.Tech replicate 1 of 1,dyn,AZD-8186,not_encoded,treatment,10.0,Tech replicate 1 of 1,True,14.52961827715117,-12.25604234511178
_dyn_#AZD-8186 30000nM.Tech replicate 1 of 1,dyn,AZD-8186,not_encoded,treatment,30000.0,Tech replicate 1 of 1,True,-15.275233528935713,-2.62156313415515
_dyn_#AZD-8186 3000nM.Tech replicate 1 of 1,dyn,AZD-8186,not_encoded,treatment,3000.0,Tech replicate 1 of 1,True,4.182421998707598,-9.21494394025218
_dyn_#AZD-8186 300nM.Tech replicate 1 of 1,dyn,AZD-8186,not_encoded,treatment,300.0,Tech replicate 1 of 1,True,9.25837538537879,-12.350502673369839
_dyn_#AZD-8186 30nM.Tech replicate 1 of 1,dyn,AZD-8186,not_encoded,treatment,30.0,Tech replicate 1 of 1,True,4.003660090322421,-8.275095946028335
_dyn_#AZD-8186 3nM.Tech replicate 1 of 1,dyn,AZD-8186,not_encoded,treatment,3.0,Tech replicate 1 of 1,True,1.4862524174803236,-7.400127443192501
_dyn_#AZD-8186 DMSO.Tech replicate 1 of 1,dyn,AZD-8186,not_encoded,dmso,0.0,Tech replicate 1 of 1,True,6.518535463464016,-9.290991453369871
_dyn_#AZD-8186 PDPD.Tech replicate 1 of 1,dyn,AZD-8186,not_encoded,pdpd,0.0,Tech replicate 1 of 1,True,-19.029439284713078,-1.3606819761941757
_dyn_#AZD-8330 1000nM.Tech replicate 1 of 1,dyn,AZD-8330,not_encoded,treatment,1000.0,Tech replicate 1 of 1,True,-12.697497017294056,-5.18160447451339
_dyn_#AZD-8330 100nM.Tech replicate 1 of 1,dyn,AZD-8330,not_encoded,treatment,100.0,Tech replicate 1 of 1,True,-15.257261912833519,-3.8612858991777403
_dyn_#AZD-8330 10nM.Tech replicate 1 of 1,dyn,AZD-8330,not_encoded,treatment,10.0,Tech replicate 1 of 1,True,-23.204863824818226,1.1719881410251831
_dyn_#AZD-8330 30000nM.Tech replicate 1 of 1,dyn,AZD-8330,not_encoded,treatment,30000.0,Tech replicate 1 of 1,True,-4.649741241132646,-11.315478235703573
_dyn_#AZD-8330 3000nM.Tech replicate 1 of 1,dyn,AZD-8330,not_encoded,treatment,3000.0,Tech replicate 1 of 1,True,-25.58025661947439,1.5700870512389105
_dyn_#AZD-8330 300nM.Tech replicate 1 of 1,dyn,AZD-8330,not_encoded,treatment,300.0,Tech replicate 1 of 1,True,-22.21465762616027,-0.8624531667513017
_dyn_#AZD-8330 30nM.Tech replicate 1 of 1,dyn,AZD-8330,not_encoded,treatment,30.0,Tech replicate 1 of 1,True,-20.291035438701268,-0.46545268810890117
_dyn_#AZD-8330 3nM.Tech replicate 1 of 1,dyn,AZD-8330,not_encoded,treatment,3.0,Tech replicate 1 of 1,True,-20.78982672444484,-0.1662359027933987
_dyn_#AZD-8330 DMSO.Tech replicate 1 of 1,dyn,AZD-8330,not_encoded,dmso,0.0,Tech replicate 1 of 1,True,-5.399116059014857,-9.643010556183356
_dyn_#AZD-8330 PDPD.Tech replicate 1 of 1,dyn,AZD-8330,not_encoded,pdpd,0.0,Tech replicate 1 of 1,True,-7.63891038492082,-15.989161518279658
_dyn_#Abemaciclib 1000nM.Tech replicate 1 of 1,dyn,Abemaciclib,not_encoded,treatment,1000.0,Tech replicate 1 of 1,True,-7.708213629991772,-5.19576309292039
_dyn_#Abemaciclib 100nM.Tech replicate 1 of 1,dyn,Abemaciclib,not_encoded,treatment,100.0,Tech replicate 1 of 1,True,-5.357820163652499,-7.511144543476893
_dyn_#Abemaciclib 10nM.Tech replicate 1 of 1,dyn,Abemaciclib,not_encoded,treatment,10.0,Tech replicate 1 of 1,True,-9.960387688244746,-5.346951858257271
_dyn_#Abemaciclib 30000nM.Tech replicate 1 of 1,dyn,Abemaciclib,not_encoded,treatment,30000.0,Tech replicate 1 of 1,True,-9.580147056659944,-7.057759296529602
_dyn_#Abemaciclib 3000nM.Tech replicate 1 of 1,dyn,Abemaciclib,not_encoded,treatment,3000.0,Tech replicate 1 of 1,True,-20.386800277911963,-1.1984237097589632
_dyn_#Abemaciclib 300nM.Tech replicate 1 of 1,dyn,Abemaciclib,not_encoded,treatment,300.0,Tech replicate 1 of 1,True,-15.414574363132582,-2.550606458759138
_dyn_#Abemaciclib 30nM.Tech replicate 1 of 1,dyn,Abemaciclib,not_encoded,treatment,30.0,Tech replicate 1 of 1,True,-7.556697371447305,-6.018465393605747
_dyn_#Abemaciclib 3nM.Tech replicate 1 of 1,dyn,Abemaciclib,not_encoded,treatment,3.0,Tech replicate 1 of 1,True,-9.825576785960804,-4.7571587043140875
_dyn_#Abemaciclib DMSO.Tech replicate 1 of 1,dyn,Abemaciclib,not_encoded,dmso,0.0,Tech replicate 1 of 1,True,-24.984086971269814,1.9423471813780557
_dyn_#Abemaciclib PDPD.Tech replicate 1 of 1,dyn,Abemaciclib,not_encoded,pdpd,0.0,Tech replicate 1 of 1,True,-19.8866749842079,1.2369215056124503
_dyn_#Afatinib 1000nM.Tech replicate 1 of 1,dyn,Afatinib,not_encoded,treatment,1000.0,Tech replicate 1 of 1,True,-54.05094646601252,15.027188044715915
_dyn_#Afatinib 100nM.Tech replicate 1 of 1,dyn,Afatinib,not_encoded,treatment,100.0,Tech replicate 1 of 1,True,-53.62509726204049,13.64006838604633
_dyn_#Afatinib 10nM.Tech replicate 1 of 1,dyn,Afatinib,not_encoded,treatment,10.0,Tech replicate 1 of 1,True,-60.38606372067677,21.034183098792496
_dyn_#Afatinib 30000nM.Tech replicate 1 of 1,dyn,Afatinib,not_encoded,treatment,30000.0,Tech replicate 1 of 1,True,-56.486455321074104,17.780872196454105
_dyn_#Afatinib 3000nM.Tech replicate 1 of 1,dyn,Afatinib,not_encoded,treatment,3000.0,Tech replicate 1 of 1,True,-52.03798312757141,13.657242209736042
_dyn_#Afatinib 300nM.Tech replicate 1 of 1,dyn,Afatinib,not_encoded,treatment,300.0,Tech replicate 1 of 1,True,-46.46788741514545,12.740244156833644
_dyn_#Afatinib 30nM.Tech replicate 1 of 1,dyn,Afatinib,not_encoded,treatment,30.0,Tech replicate 1 of 1,True,-48.949348036901895,11.674529877718747
_dyn_#Afatinib 3nM.Tech replicate 1 of 1,dyn,Afatinib,not_encoded,treatment,3.0,Tech replicate 1 of 1,True,-32.300890974002385,6.655971235292762
_dyn_#Afatinib DMSO.Tech replicate 1 of 1,dyn,Afatinib,not_encoded,dmso,0.0,Tech replicate 1 of 1,True,-49.997263938036554,14.298966778607323
_dyn_#Afatinib PDPD.Tech replicate 1 of 1,dyn,Afatinib,not_encoded,pdpd,0.0,Tech replicate 1 of 1,True,-70.54726156158566,26.544322927324334
_dyn_#Afatinib_inBT474 1000nM.Tech replicate 1 of 1,dyn,Afatinib,BT474,treatment,1000.0,Tech replicate 1 of 1,True,120.15557661601025,59.214688966975714
_dyn_#Afatinib_inBT474 100nM.Tech replicate 1 of 1,dyn,Afatinib,BT474,treatment,100.0,Tech replicate 1 of 1,True,115.45457010288347,57.51885666112194
_dyn_#Afatinib_inBT474 10nM.Tech replicate 1 of 1,dyn,Afatinib,BT474,treatment,10.0,Tech replicate 1 of 1,True,116.31624779027335,58.41404631394676
_dyn_#Afatinib_inBT474 30000nM.Tech replicate 1 of 1,dyn,Afatinib,BT474,treatment,30000.0,Tech replicate 1 of 1,True,111.01652963063599,54.97392907988322
_dyn_#Afatinib_inBT474 3000nM.Tech replicate 1 of 1,dyn,Afatinib,BT474,treatment,3000.0,Tech replicate 1 of 1,True,107.9538307561295,52.06783209774795
_dyn_#Afatinib_inBT474 300nM.Tech replicate 1 of 1,dyn,Afatinib,BT474,treatment,300.0,Tech replicate 1 of 1,True,98.9120275809504,50.49297418161306
_dyn_#Afatinib_inBT474 30nM.Tech replicate 1 of 1,dyn,Afatinib,BT474,treatment,30.0,Tech replicate 1 of 1,True,109.73626618461877,55.163998001190514
_dyn_#Afatinib_inBT474 3nM.Tech replicate 1 of 1,dyn,Afatinib,BT474,treatment,3.0,Tech replicate 1 of 1,True,113.17096212083332,57.901624525528426
_dyn_#Afatinib_inBT474 DMSO.Tech replicate 1 of 1,dyn,Afatinib,BT474,dmso,0.0,Tech replicate 1 of 1,True,107.20674202826311,55.34982652582087
_dyn_#Afatinib_inBT474 PDPD.Tech replicate 1 of 1,dyn,Afatinib,BT474,pdpd,0.0,Tech replicate 1 of 1,True,70.64873387219306,34.82191969834511
_dyn_#Alectinib 1000nM.Tech replicate 1 of 1,dyn,Alectinib,not_encoded,treatment,1000.0,Tech replicate 1 of 1,True,19.220350497694376,-21.314296905173773
_dyn_#Alectinib 100nM.Tech replicate 1 of 1,dyn,Alectinib,not_encoded,treatment,100.0,Tech replicate 1 of 1,True,81.89326258348575,-55.69818553114146
_dyn_#Alectinib 10nM.Tech replicate 1 of 1,dyn,Alectinib,not_encoded,treatment,10.0,Tech replicate 1 of 1,True,79.4745083861366,-53.089661388705494
_dyn_#Alectinib 30000nM.Tech replicate 1 of 1,dyn,Alectinib,not_encoded,treatment,30000.0,Tech replicate 1 of 1,True,12.52405769075232,-25.32857152778879
_dyn_#Alectinib 3000nM.Tech replicate 1 of 1,dyn,Alectinib,not_encoded,treatment,3000.0,Tech replicate 1 of 1,True,19.17861719753066,-21.283927155462273
_dyn_#Alectinib 300nM.Tech replicate 1 of 1,dyn,Alectinib,not_encoded,treatment,300.0,Tech replicate 1 of 1,True,109.4664341764771,-69.96056138402245
_dyn_#Alectinib 30nM.Tech replicate 1 of 1,dyn,Alectinib,not_encoded,treatment,30.0,Tech replicate 1 of 1,True,86.7056313098167,-59.54802707526508
_dyn_#Alectinib 3nM.Tech replicate 1 of 1,dyn,Alectinib,not_encoded,treatment,3.0,Tech replicate 1 of 1,True,71.203249999025,-52.485324902844695
_dyn_#Alectinib DMSO.Tech replicate 1 of 1,dyn,Alectinib,not_encoded,dmso,0.0,Tech replicate 1 of 1,True,46.21807950278096,-37.143188165715095
_dyn_#Alectinib PDPD.Tech replicate 1 of 1,dyn,Alectinib,not_encoded,pdpd,0.0,Tech replicate 1 of 1,True,21.929694538991487,-27.229530738745815
_dyn_#Alisertib 1000nM.Tech replicate 1 of 1,dyn,Alisertib,not_encoded,treatment,1000.0,Tech replicate 1 of 1,True,-37.39500405827421,3.721982946212916
_dyn_#Alisertib 100nM.Tech replicate 1 of 1,dyn,Alisertib,not_encoded,treatment,100.0,Tech replicate 1 of 1,True,-22.21316592906289,-3.91005081128167
_dyn_#Alisertib 10nM.Tech replicate 1 of 1,dyn,Alisertib,not_encoded,treatment,10.0,Tech replicate 1 of 1,True,-41.62132631310879,6.211945260456682
_dyn_#Alisertib 30000nM.Tech replicate 1 of 1,dyn,Alisertib,not_encoded,treatment,30000.0,Tech replicate 1 of 1,True,-47.767452615756405,12.154420271017232
_dyn_#Alisertib 3000nM.Tech replicate 1 of 1,dyn,Alisertib,not_encoded,treatment,3000.0,Tech replicate 1 of 1,True,-50.968604826605855,11.329136651651304
_dyn_#Alisertib 300nM.Tech replicate 1 of 1,dyn,Alisertib,not_encoded,treatment,300.0,Tech replicate 1 of 1,True,-16.889745404816466,-5.9380940015697545
_dyn_#Alisertib 30nM.Tech replicate 1 of 1,dyn,Alisertib,not_encoded,treatment,30.0,Tech replicate 1 of 1,True,-20.700351917735865,-6.7420966154337165
_dyn_#Alisertib 3nM.Tech replicate 1 of 1,dyn,Alisertib,not_encoded,treatment,3.0,Tech replicate 1 of 1,True,-24.49280188217525,-3.1041528481173772
_dyn_#Alisertib DMSO.Tech replicate 1 of 1,dyn,Alisertib,not_encoded,dmso,0.0,Tech replicate 1 of 1,True,-21.50968265012473,-5.256341232931181
_dyn_#Alisertib PDPD.Tech replicate 1 of 1,dyn,Alisertib,not_encoded,pdpd,0.0,Tech replicate 1 of 1,True,-33.53362196451666,2.148259054974961
_dyn_#Alvocidib 1000nM.Tech replicate 1 of 1,dyn,Alvocidib,not_encoded,treatment,1000.0,Tech replicate 1 of 1,True,-29.324067507970277,2.610572996180098
_dyn_#Alvocidib 100nM.Tech replicate 1 of 1,dyn,Alvocidib,not_encoded,treatment,100.0,Tech replicate 1 of 1,True,-22.331239579746875,0.17455386585956983
_dyn_#Alvocidib 10nM.Tech replicate 1 of 1,dyn,Alvocidib,not_encoded,treatment,10.0,Tech replicate 1 of 1,True,-17.930640017848205,-1.752681594556487
_dyn_#Alvocidib 30000nM.Tech replicate 1 of 1,dyn,Alvocidib,not_encoded,treatment,30000.0,Tech replicate 1 of 1,True,-25.14613395670083,1.3815946200553195
_dyn_#Alvocidib 3000nM.Tech replicate 1 of 1,dyn,Alvocidib,not_encoded,treatment,3000.0,Tech replicate 1 of 1,True,-19.141021668524495,-1.350753225180771
_dyn_#Alvocidib 300nM.Tech replicate 1 of 1,dyn,Alvocidib,not_encoded,treatment,300.0,Tech replicate 1 of 1,True,-20.50489590013053,-1.428731873594131
_dyn_#Alvocidib 30nM.Tech replicate 1 of 1,dyn,Alvocidib,not_encoded,treatment,30.0,Tech replicate 1 of 1,True,-23.746582702915795,1.3682873229955403
_dyn_#Alvocidib 3nM.Tech replicate 1 of 1,dyn,Alvocidib,not_encoded,treatment,3.0,Tech replicate 1 of 1,True,-16.33377421787051,-1.3680390979729198
_dyn_#Alvocidib DMSO.Tech replicate 1 of 1,dyn,Alvocidib,not_encoded,dmso,0.0,Tech replicate 1 of 1,True,-22.36720341917603,-0.11039452265792554
_dyn_#Alvocidib PDPD.Tech replicate 1 of 1,dyn,Alvocidib,not_encoded,pdpd,0.0,Tech replicate 1 of 1,True,-46.53964849516823,10.586834382237395
_dyn_#Amuvatinib 1000nM.Tech replicate 1 of 1,dyn,Amuvatinib,not_encoded,treatment,1000.0,Tech replicate 1 of 1,True,-49.75809506033233,13.384012830348397
_dyn_#Amuvatinib 100nM.Tech replicate 1 of 1,dyn,Amuvatinib,not_encoded,treatment,100.0,Tech replicate 1 of 1,True,-42.34395425591964,9.40580377993621
_dyn_#Amuvatinib 10nM.Tech replicate 1 of 1,dyn,Amuvatinib,not_encoded,treatment,10.0,Tech replicate 1 of 1,True,-24.53507603624049,-4.745169066033106
_dyn_#Amuvatinib 30000nM.Tech replicate 1 of 1,dyn,Amuvatinib,not_encoded,treatment,30000.0,Tech replicate 1 of 1,True,-37.34099964128052,5.634023470323543
_dyn_#Amuvatinib 3000nM.Tech replicate 1 of 1,dyn,Amuvatinib,not_encoded,treatment,3000.0,Tech replicate 1 of 1,True,-41.93969779241371,7.760684915069136
_dyn_#Amuvatinib 300nM.Tech replicate 1 of 1,dyn,Amuvatinib,not_encoded,treatment,300.0,Tech replicate 1 of 1,True,-40.130781412111226,8.30419889473417
_dyn_#Amuvatinib 30nM.Tech replicate 1 of 1,dyn,Amuvatinib,not_encoded,treatment,30.0,Tech replicate 1 of 1,True,-34.124513574638215,3.795898524144153
_dyn_#Amuvatinib 3nM.Tech replicate 1 of 1,dyn,Amuvatinib,not_encoded,treatment,3.0,Tech replicate 1 of 1,True,-20.631852313120472,-8.173674011984145
_dyn_#Amuvatinib DMSO.Tech replicate 1 of 1,dyn,Amuvatinib,not_encoded,dmso,0.0,Tech replicate 1 of 1,True,-11.377320621205394,-19.07729750168465
_dyn_#Amuvatinib PDPD.Tech replicate 1 of 1,dyn,Amuvatinib,not_encoded,pdpd,0.0,Tech replicate 1 of 1,True,-41.87760655348407,8.17755906779353
_dyn_#Apatinib 1000nM.Tech replicate 1 of 1,dyn,Apatinib,not_encoded,treatment,1000.0,Tech replicate 1 of 1,True,48.273659997464364,-35.07145839407248
_dyn_#Apatinib 100nM.Tech replicate 1 of 1,dyn,Apatinib,not_encoded,treatment,100.0,Tech replicate 1 of 1,True,49.49023977332752,-36.55518688789646
_dyn_#Apatinib 10nM.Tech replicate 1 of 1,dyn,Apatinib,not_encoded,treatment,10.0,Tech replicate 1 of 1,True,49.66611021905056,-36.19491109656896
_dyn_#Apatinib 30000nM.Tech replicate 1 of 1,dyn,Apatinib,not_encoded,treatment,30000.0,Tech replicate 1 of 1,True,48.57699092643898,-35.53807578026946
_dyn_#Apatinib 3000nM.Tech replicate 1 of 1,dyn,Apatinib,not_encoded,treatment,3000.0,Tech replicate 1 of 1,True,47.31450216784296,-34.482201184688776
_dyn_#Apatinib 300nM.Tech replicate 1 of 1,dyn,Apatinib,not_encoded,treatment,300.0,Tech replicate 1 of 1,True,51.19021146481908,-37.48954575154529
_dyn_#Apatinib 30nM.Tech replicate 1 of 1,dyn,Apatinib,not_encoded,treatment,30.0,Tech replicate 1 of 1,True,56.03763048699804,-40.609290724948735
_dyn_#Apatinib 3nM.Tech replicate 1 of 1,dyn,Apatinib,not_encoded,treatment,3.0,Tech replicate 1 of 1,True,49.14950094800942,-35.870948841762726
_dyn_#Apatinib DMSO.Tech replicate 1 of 1,dyn,Apatinib,not_encoded,dmso,0.0,Tech replicate 1 of 1,True,37.65697397025126,-30.59979568129329
_dyn_#Apatinib PDPD.Tech replicate 1 of 1,dyn,Apatinib,not_encoded,pdpd,0.0,Tech replicate 1 of 1,True,55.750642292437306,-45.45756562727453
_dyn_#Apitolisib 1000nM.Tech replicate 1 of 1,dyn,Apitolisib,not_encoded,treatment,1000.0,Tech replicate 1 of 1,True,-38.22989407416871,1.8607151144233525
_dyn_#Apitolisib 100nM.Tech replicate 1 of 1,dyn,Apitolisib,not_encoded,treatment,100.0,Tech replicate 1 of 1,True,-46.706249357463605,6.221945587728658
_dyn_#Apitolisib 10nM.Tech replicate 1 of 1,dyn,Apitolisib,not_encoded,treatment,10.0,Tech replicate 1 of 1,True,-63.77484182554295,11.898303905616118
_dyn_#Apitolisib 30000nM.Tech replicate 1 of 1,dyn,Apitolisib,not_encoded,treatment,30000.0,Tech replicate 1 of 1,True,-40.516914489816976,3.8761576443488983
_dyn_#Apitolisib 3000nM.Tech replicate 1 of 1,dyn,Apitolisib,not_encoded,treatment,3000.0,Tech replicate 1 of 1,True,-37.55382278224404,2.1786928416745317
_dyn_#Apitolisib 300nM.Tech replicate 1 of 1,dyn,Apitolisib,not_encoded,treatment,300.0,Tech replicate 1 of 1,True,-53.13934604963708,9.364350772642744
_dyn_#Apitolisib 30nM.Tech replicate 1 of 1,dyn,Apitolisib,not_encoded,treatment,30.0,Tech replicate 1 of 1,True,-62.75449166401239,11.838322930601649
_dyn_#Apitolisib 3nM.Tech replicate 1 of 1,dyn,Apitolisib,not_encoded,treatment,3.0,Tech replicate 1 of 1,True,-46.24270734448655,7.039199941186857
_dyn_#Apitolisib DMSO.Tech replicate 1 of 1,dyn,Apitolisib,not_encoded,dmso,0.0,Tech replicate 1 of 1,True,-46.18688242070948,5.999995389572005
_dyn_#Apitolisib PDPD.Tech replicate 1 of 1,dyn,Apitolisib,not_encoded,pdpd,0.0,Tech replicate 1 of 1,True,-59.976935494918486,13.694423535955421
_dyn_#Axitinib 1000nM.Tech replicate 1 of 1,dyn,Axitinib,not_encoded,treatment,1000.0,Tech replicate 1 of 1,True,78.44956635178998,-59.48792767016828
_dyn_#Axitinib 100nM.Tech replicate 1 of 1,dyn,Axitinib,not_encoded,treatment,100.0,Tech replicate 1 of 1,True,74.15571298592506,-57.31609827816941
_dyn_#Axitinib 10nM.Tech replicate 1 of 1,dyn,Axitinib,not_encoded,treatment,10.0,Tech replicate 1 of 1,True,74.20357637944298,-53.74980734712429
_dyn_#Axitinib 30000nM.Tech replicate 1 of 1,dyn,Axitinib,not_encoded,treatment,30000.0,Tech replicate 1 of 1,True,77.12266179405862,-67.32530413492088
_dyn_#Axitinib 3000nM.Tech replicate 1 of 1,dyn,Axitinib,not_encoded,treatment,3000.0,Tech replicate 1 of 1,True,71.56184843876768,-56.58908596336625
_dyn_#Axitinib 300nM.Tech replicate 1 of 1,dyn,Axitinib,not_encoded,treatment,300.0,Tech replicate 1 of 1,True,62.41941637033701,-45.96856057362928
_dyn_#Axitinib 30nM.Tech replicate 1 of 1,dyn,Axitinib,not_encoded,treatment,30.0,Tech replicate 1 of 1,True,58.17744565025401,-49.67674412010474
_dyn_#Axitinib 3nM.Tech replicate 1 of 1,dyn,Axitinib,not_encoded,treatment,3.0,Tech replicate 1 of 1,True,80.21166640514646,-59.30007941182351
_dyn_#Axitinib DMSO.Tech replicate 1 of 1,dyn,Axitinib,not_encoded,dmso,0.0,Tech replicate 1 of 1,True,75.4055157564593,-59.33189204293656
_dyn_#Axitinib PDPD.Tech replicate 1 of 1,dyn,Axitinib,not_encoded,pdpd,0.0,Tech replicate 1 of 1,True,68.11631746139903,-59.18997479978802
_dyn_#BGT-226 1000nM.Tech replicate 1 of 1,dyn,BGT-226,not_encoded,treatment,1000.0,Tech replicate 1 of 1,True,-15.431387634031806,-2.267071377215372
_dyn_#BGT-226 100nM.Tech replicate 1 of 1,dyn,BGT-226,not_encoded,treatment,100.0,Tech replicate 1 of 1,True,-23.88000239855827,1.4412755870367175
_dyn_#BGT-226 10nM.Tech replicate 1 of 1,dyn,BGT-226,not_encoded,treatment,10.0,Tech replicate 1 of 1,True,-8.385573476022973,-6.5882472709303705
_dyn_#BGT-226 30000nM.Tech replicate 1 of 1,dyn,BGT-226,not_encoded,treatment,30000.0,Tech replicate 1 of 1,True,-25.37651526246286,2.8416760444594127
_dyn_#BGT-226 3000nM.Tech replicate 1 of 1,dyn,BGT-226,not_encoded,treatment,3000.0,Tech replicate 1 of 1,True,-13.929421945340811,-2.7953535428209193
_dyn_#BGT-226 300nM.Tech replicate 1 of 1,dyn,BGT-226,not_encoded,treatment,300.0,Tech replicate 1 of 1,True,-18.275613532754573,-1.652165599868005
_dyn_#BGT-226 30nM.Tech replicate 1 of 1,dyn,BGT-226,not_encoded,treatment,30.0,Tech replicate 1 of 1,True,-6.806170559695891,-6.566531689642577
_dyn_#BGT-226 3nM.Tech replicate 1 of 1,dyn,BGT-226,not_encoded,treatment,3.0,Tech replicate 1 of 1,True,-22.828802353612478,2.203623190565003
_dyn_#BGT-226 DMSO.Tech replicate 1 of 1,dyn,BGT-226,not_encoded,dmso,0.0,Tech replicate 1 of 1,True,-33.45379916165116,1.1590532379314307
_dyn_#BGT-226 PDPD.Tech replicate 1 of 1,dyn,BGT-226,not_encoded,pdpd,0.0,Tech replicate 1 of 1,True,-45.058650417030414,12.515869781690753
_dyn_#BI-2536 1000nM.Tech replicate 1 of 1,dyn,BI-2536,not_encoded,treatment,1000.0,Tech replicate 1 of 1,True,-83.15361279727084,39.962787705391904
_dyn_#BI-2536 100nM.Tech replicate 1 of 1,dyn,BI-2536,not_encoded,treatment,100.0,Tech replicate 1 of 1,True,-78.25853250272944,38.368488966605035
_dyn_#BI-2536 10nM.Tech replicate 1 of 1,dyn,BI-2536,not_encoded,treatment,10.0,Tech replicate 1 of 1,True,-38.62812171504004,10.791652102814368
_dyn_#BI-2536 30000nM.Tech replicate 1 of 1,dyn,BI-2536,not_encoded,treatment,30000.0,Tech replicate 1 of 1,True,-94.37127403630288,48.20503111599748
_dyn_#BI-2536 3000nM.Tech replicate 1 of 1,dyn,BI-2536,not_encoded,treatment,3000.0,Tech replicate 1 of 1,True,-99.16917847443726,51.83100481548428
_dyn_#BI-2536 300nM.Tech replicate 1 of 1,dyn,BI-2536,not_encoded,treatment,300.0,Tech replicate 1 of 1,True,-88.71173194895104,42.45467212162383
_dyn_#BI-2536 30nM.Tech replicate 1 of 1,dyn,BI-2536,not_encoded,treatment,30.0,Tech replicate 1 of 1,True,-7.5993553146660835,-2.9705371111186096
_dyn_#BI-2536 3nM.Tech replicate 1 of 1,dyn,BI-2536,not_encoded,treatment,3.0,Tech replicate 1 of 1,True,-54.94460039095014,22.57427649162542
_dyn_#BI-2536 DMSO.Tech replicate 1 of 1,dyn,BI-2536,not_encoded,dmso,0.0,Tech replicate 1 of 1,True,-65.43695402691155,28.671798081831916
_dyn_#BI-2536 PDPD.Tech replicate 1 of 1,dyn,BI-2536,not_encoded,pdpd,0.0,Tech replicate 1 of 1,True,-110.23402065199646,60.00731689887013
_dyn_#BI-847325 1000nM.Tech replicate 1 of 1,dyn,BI-847325,not_encoded,treatment,1000.0,Tech replicate 1 of 1,True,-89.13065400076158,27.401504151710682
_dyn_#BI-847325 100nM.Tech replicate 1 of 1,dyn,BI-847325,not_encoded,treatment,100.0,Tech replicate 1 of 1,True,-80.75551005526009,23.03887158213948
_dyn_#BI-847325 10nM.Tech replicate 1 of 1,dyn,BI-847325,not_encoded,treatment,10.0,Tech replicate 1 of 1,True,-95.2146173366137,25.147555155578587
_dyn_#BI-847325 30000nM.Tech replicate 1 of 1,dyn,BI-847325,not_encoded,treatment,30000.0,Tech replicate 1 of 1,True,-89.54551329015925,26.15985238369379
_dyn_#BI-847325 3000nM.Tech replicate 1 of 1,dyn,BI-847325,not_encoded,treatment,3000.0,Tech replicate 1 of 1,True,-82.03314666195521,24.440255376325787
_dyn_#BI-847325 300nM.Tech replicate 1 of 1,dyn,BI-847325,not_encoded,treatment,300.0,Tech replicate 1 of 1,True,-83.05877159925718,25.33544881581419
_dyn_#BI-847325 30nM.Tech replicate 1 of 1,dyn,BI-847325,not_encoded,treatment,30.0,Tech replicate 1 of 1,True,-91.74770560115844,28.1138422812396
_dyn_#BI-847325 3nM.Tech replicate 1 of 1,dyn,BI-847325,not_encoded,treatment,3.0,Tech replicate 1 of 1,True,-85.00153193586483,25.30148234463567
_dyn_#BI-847325 DMSO.Tech replicate 1 of 1,dyn,BI-847325,not_encoded,dmso,0.0,Tech replicate 1 of 1,True,-83.12897564819504,25.603947693249324
_dyn_#BI-847325 PDPD.Tech replicate 1 of 1,dyn,BI-847325,not_encoded,pdpd,0.0,Tech replicate 1 of 1,True,-80.28068197225626,26.43825925575556
_dyn_#BMS-387032 1000nM.Tech replicate 1 of 1,dyn,BMS-387032,not_encoded,treatment,1000.0,Tech replicate 1 of 1,True,-28.572702072896156,3.9780373080341063
_dyn_#BMS-387032 100nM.Tech replicate 1 of 1,dyn,BMS-387032,not_encoded,treatment,100.0,Tech replicate 1 of 1,True,-34.25934302215817,7.397727088584612
_dyn_#BMS-387032 10nM.Tech replicate 1 of 1,dyn,BMS-387032,not_encoded,treatment,10.0,Tech replicate 1 of 1,True,-32.53682578249917,6.595694678402055
_dyn_#BMS-387032 30000nM.Tech replicate 1 of 1,dyn,BMS-387032,not_encoded,treatment,30000.0,Tech replicate 1 of 1,True,-41.35853372383316,9.458113440459254
_dyn_#BMS-387032 3000nM.Tech replicate 1 of 1,dyn,BMS-387032,not_encoded,treatment,3000.0,Tech replicate 1 of 1,True,-29.034001715531534,4.541071133965957
_dyn_#BMS-387032 300nM.Tech replicate 1 of 1,dyn,BMS-387032,not_encoded,treatment,300.0,Tech replicate 1 of 1,True,-27.8192429256942,3.811937233036279
_dyn_#BMS-387032 30nM.Tech replicate 1 of 1,dyn,BMS-387032,not_encoded,treatment,30.0,Tech replicate 1 of 1,True,-34.5506977586841,7.092612544246104
_dyn_#BMS-387032 3nM.Tech replicate 1 of 1,dyn,BMS-387032,not_encoded,treatment,3.0,Tech replicate 1 of 1,True,-37.21671062512831,8.390990361103214
_dyn_#BMS-387032 DMSO.Tech replicate 1 of 1,dyn,BMS-387032,not_encoded,dmso,0.0,Tech replicate 1 of 1,True,-29.313875691010807,4.675546091577745
_dyn_#BMS-387032 PDPD.Tech replicate 1 of 1,dyn,BMS-387032,not_encoded,pdpd,0.0,Tech replicate 1 of 1,True,-25.547045893944066,0.6375954460639983
_dyn_#BMS-690514 1000nM.Tech replicate 1 of 1,dyn,BMS-690514,not_encoded,treatment,1000.0,Tech replicate 1 of 1,True,-10.465023256518444,-3.413848117201259
_dyn_#BMS-690514 100nM.Tech replicate 1 of 1,dyn,BMS-690514,not_encoded,treatment,100.0,Tech replicate 1 of 1,True,-23.689191735994882,1.5859008905296574
_dyn_#BMS-690514 10nM.Tech replicate 1 of 1,dyn,BMS-690514,not_encoded,treatment,10.0,Tech replicate 1 of 1,True,-16.593619487645192,-2.122153541598024
_dyn_#BMS-690514 30000nM.Tech replicate 1 of 1,dyn,BMS-690514,not_encoded,treatment,30000.0,Tech replicate 1 of 1,True,-18.495908501136025,-0.2786009839654694
_dyn_#BMS-690514 3000nM.Tech replicate 1 of 1,dyn,BMS-690514,not_encoded,treatment,3000.0,Tech replicate 1 of 1,True,-5.173868400544101,-8.408998196313927
_dyn_#BMS-690514 300nM.Tech replicate 1 of 1,dyn,BMS-690514,not_encoded,treatment,300.0,Tech replicate 1 of 1,True,-4.633565128198967,-7.6517040827718965
_dyn_#BMS-690514 30nM.Tech replicate 1 of 1,dyn,BMS-690514,not_encoded,treatment,30.0,Tech replicate 1 of 1,True,-20.81816399321395,0.3057659700636631
_dyn_#BMS-690514 3nM.Tech replicate 1 of 1,dyn,BMS-690514,not_encoded,treatment,3.0,Tech replicate 1 of 1,True,-24.30453501974049,0.8740702765337127
_dyn_#BMS-690514 DMSO.Tech replicate 1 of 1,dyn,BMS-690514,not_encoded,dmso,0.0,Tech replicate 1 of 1,True,-12.890705309634546,-3.133845012994756
_dyn_#BMS-690514 PDPD.Tech replicate 1 of 1,dyn,BMS-690514,not_encoded,pdpd,0.0,Tech replicate 1 of 1,True,-31.44319162214675,5.108741377315971
_dyn_#BMS-690514_inBT474 1000nM.Tech replicate 1 of 1,dyn,BMS-690514,BT474,treatment,1000.0,Tech replicate 1 of 1,True,166.9454383256189,62.52656795160621
_dyn_#BMS-690514_inBT474 100nM.Tech replicate 1 of 1,dyn,BMS-690514,BT474,treatment,100.0,Tech replicate 1 of 1,True,147.6754991364288,62.569681244295836
_dyn_#BMS-690514_inBT474 10nM.Tech replicate 1 of 1,dyn,BMS-690514,BT474,treatment,10.0,Tech replicate 1 of 1,True,156.80002816860093,63.83251188501136
_dyn_#BMS-690514_inBT474 30000nM.Tech replicate 1 of 1,dyn,BMS-690514,BT474,treatment,30000.0,Tech replicate 1 of 1,True,150.7624008183472,50.84949163237218
_dyn_#BMS-690514_inBT474 3000nM.Tech replicate 1 of 1,dyn,BMS-690514,BT474,treatment,3000.0,Tech replicate 1 of 1,True,143.31400694098716,52.54872189106041
_dyn_#BMS-690514_inBT474 300nM.Tech replicate 1 of 1,dyn,BMS-690514,BT474,treatment,300.0,Tech replicate 1 of 1,True,132.6744420917675,58.34200390317372
_dyn_#BMS-690514_inBT474 30nM.Tech replicate 1 of 1,dyn,BMS-690514,BT474,treatment,30.0,Tech replicate 1 of 1,True,146.77663474491152,62.442364953311476
_dyn_#BMS-690514_inBT474 3nM.Tech replicate 1 of 1,dyn,BMS-690514,BT474,treatment,3.0,Tech replicate 1 of 1,True,179.7007118943936,67.22243732522962
_dyn_#BMS-690514_inBT474 DMSO.Tech replicate 1 of 1,dyn,BMS-690514,BT474,dmso,0.0,Tech replicate 1 of 1,True,184.57316590699054,58.753664979563595
_dyn_#BMS-690514_inBT474 PDPD.Tech replicate 1 of 1,dyn,BMS-690514,BT474,pdpd,0.0,Tech replicate 1 of 1,True,157.00867639695284,40.22906222840746
_dyn_#BMS-754807 1000nM.Tech replicate 1 of 1,dyn,BMS-754807,not_encoded,treatment,1000.0,Tech replicate 1 of 1,True,-23.839081258214733,0.8485830360547982
_dyn_#BMS-754807 100nM.Tech replicate 1 of 1,dyn,BMS-754807,not_encoded,treatment,100.0,Tech replicate 1 of 1,True,-20.461325110141807,-0.5122641008922462
_dyn_#BMS-754807 10nM.Tech replicate 1 of 1,dyn,BMS-754807,not_encoded,treatment,10.0,Tech replicate 1 of 1,True,-18.570123305400656,-1.2683456456783895
_dyn_#BMS-754807 30000nM.Tech replicate 1 of 1,dyn,BMS-754807,not_encoded,treatment,30000.0,Tech replicate 1 of 1,True,-20.458941348590052,0.08430032494446169
_dyn_#BMS-754807 3000nM.Tech replicate 1 of 1,dyn,BMS-754807,not_encoded,treatment,3000.0,Tech replicate 1 of 1,True,-21.826462632020473,0.3576725414134858
_dyn_#BMS-754807 300nM.Tech replicate 1 of 1,dyn,BMS-754807,not_encoded,treatment,300.0,Tech replicate 1 of 1,True,-23.43111944427965,1.0999385311419507
_dyn_#BMS-754807 30nM.Tech replicate 1 of 1,dyn,BMS-754807,not_encoded,treatment,30.0,Tech replicate 1 of 1,True,-20.1440104981219,-0.14185499786215575
_dyn_#BMS-754807 3nM.Tech replicate 1 of 1,dyn,BMS-754807,not_encoded,treatment,3.0,Tech replicate 1 of 1,True,-18.057957909673597,-1.7840558722132447
_dyn_#BMS-754807 DMSO.Tech replicate 1 of 1,dyn,BMS-754807,not_encoded,dmso,0.0,Tech replicate 1 of 1,True,-8.813377995381058,-7.100761882714297
_dyn_#BMS-754807 PDPD.Tech replicate 1 of 1,dyn,BMS-754807,not_encoded,pdpd,0.0,Tech replicate 1 of 1,True,-38.23933012116039,8.119270068232638
_dyn_#BMS-777607 1000nM.Tech replicate 1 of 1,dyn,BMS-777607,not_encoded,treatment,1000.0,Tech replicate 1 of 1,True,-13.195010020154099,-4.015611282546494
_dyn_#BMS-777607 100nM.Tech replicate 1 of 1,dyn,BMS-777607,not_encoded,treatment,100.0,Tech replicate 1 of 1,True,-18.27361132351367,-1.7665373568769744
_dyn_#BMS-777607 10nM.Tech replicate 1 of 1,dyn,BMS-777607,not_encoded,treatment,10.0,Tech replicate 1 of 1,True,-18.62302413459164,-1.24481637510584
_dyn_#BMS-777607 30000nM.Tech replicate 1 of 1,dyn,BMS-777607,not_encoded,treatment,30000.0,Tech replicate 1 of 1,True,-18.721712336145426,-1.2210064690524183
_dyn_#BMS-777607 3000nM.Tech replicate 1 of 1,dyn,BMS-777607,not_encoded,treatment,3000.0,Tech replicate 1 of 1,True,-17.666761204920416,-1.471127361588946
_dyn_#BMS-777607 300nM.Tech replicate 1 of 1,dyn,BMS-777607,not_encoded,treatment,300.0,Tech replicate 1 of 1,True,-12.609904360295443,-5.233742139808639
_dyn_#BMS-777607 30nM.Tech replicate 1 of 1,dyn,BMS-777607,not_encoded,treatment,30.0,Tech replicate 1 of 1,True,-10.890852982137835,-5.774802139141368
_dyn_#BMS-777607 3nM.Tech replicate 1 of 1,dyn,BMS-777607,not_encoded,treatment,3.0,Tech replicate 1 of 1,True,-24.82567637990956,0.6039370903224879
_dyn_#BMS-777607 DMSO.Tech replicate 1 of 1,dyn,BMS-777607,not_encoded,dmso,0.0,Tech replicate 1 of 1,True,-22.20007113482717,0.29293707767558885
_dyn_#BMS-777607 PDPD.Tech replicate 1 of 1,dyn,BMS-777607,not_encoded,pdpd,0.0,Tech replicate 1 of 1,True,-26.374972814108624,3.897362271662848
_dyn_#BMS-777607_withCAKI 1000nM.Tech replicate 1 of 1,dyn,BMS-777607_withCAKI,not_encoded,treatment,1000.0,Tech replicate 1 of 1,True,-3.7137952113055,-5.5613131721661055
_dyn_#BMS-777607_withCAKI 100nM.Tech replicate 1 of 1,dyn,BMS-777607_withCAKI,not_encoded,treatment,100.0,Tech replicate 1 of 1,True,-7.932871680694754,-5.3614599263396165
_dyn_#BMS-777607_withCAKI 10nM.Tech replicate 1 of 1,dyn,BMS-777607_withCAKI,not_encoded,treatment,10.0,Tech replicate 1 of 1,True,-8.425361493732188,-4.1612689832441365
_dyn_#BMS-777607_withCAKI 30000nM.Tech replicate 1 of 1,dyn,BMS-777607_withCAKI,not_encoded,treatment,30000.0,Tech replicate 1 of 1,True,-18.074844890995802,-2.2942507374946945
_dyn_#BMS-777607_withCAKI 3000nM.Tech replicate 1 of 1,dyn,BMS-777607_withCAKI,not_encoded,treatment,3000.0,Tech replicate 1 of 1,True,-12.084619471414387,-3.5963060955249615
_dyn_#BMS-777607_withCAKI 300nM.Tech replicate 1 of 1,dyn,BMS-777607_withCAKI,not_encoded,treatment,300.0,Tech replicate 1 of 1,True,-19.797251417443796,-1.6141578652209063
_dyn_#BMS-777607_withCAKI 30nM.Tech replicate 1 of 1,dyn,BMS-777607_withCAKI,not_encoded,treatment,30.0,Tech replicate 1 of 1,True,-5.724070177593902,-5.583604092717452
_dyn_#BMS-777607_withCAKI 3nM.Tech replicate 1 of 1,dyn,BMS-777607_withCAKI,not_encoded,treatment,3.0,Tech replicate 1 of 1,True,0.3074001646951021,-7.6863172632326595
_dyn_#BMS-777607_withCAKI DMSO.Tech replicate 1 of 1,dyn,BMS-777607_withCAKI,not_encoded,dmso,0.0,Tech replicate 1 of 1,True,3.0515828838052483,-10.675341843458947
_dyn_#BMS-777607_withCAKI PDPD.Tech replicate 1 of 1,dyn,BMS-777607_withCAKI,not_encoded,pdpd,0.0,Tech replicate 1 of 1,True,-1.5688019801442143,-12.350017774685984
_dyn_#BMS-911543 1000nM.Tech replicate 1 of 1,dyn,BMS-911543,not_encoded,treatment,1000.0,Tech replicate 1 of 1,True,-38.3013502472938,6.551774568269527
_dyn_#BMS-911543 100nM.Tech replicate 1 of 1,dyn,BMS-911543,not_encoded,treatment,100.0,Tech replicate 1 of 1,True,-69.23830000150589,20.595551364783113
_dyn_#BMS-911543 10nM.Tech replicate 1 of 1,dyn,BMS-911543,not_encoded,treatment,10.0,Tech replicate 1 of 1,True,18.060345476202777,-24.60846383010813
_dyn_#BMS-911543 30000nM.Tech replicate 1 of 1,dyn,BMS-911543,not_encoded,treatment,30000.0,Tech replicate 1 of 1,True,14.384433264892897,-21.10621840220858
_dyn_#BMS-911543 3000nM.Tech replicate 1 of 1,dyn,BMS-911543,not_encoded,treatment,3000.0,Tech replicate 1 of 1,True,2.217994271843662,-16.649664810437294
_dyn_#BMS-911543 300nM.Tech replicate 1 of 1,dyn,BMS-911543,not_encoded,treatment,300.0,Tech replicate 1 of 1,True,-64.21802004316957,24.480404954763507
_dyn_#BMS-911543 30nM.Tech replicate 1 of 1,dyn,BMS-911543,not_encoded,treatment,30.0,Tech replicate 1 of 1,True,-67.35592788659123,25.322509377242916
_dyn_#BMS-911543 3nM.Tech replicate 1 of 1,dyn,BMS-911543,not_encoded,treatment,3.0,Tech replicate 1 of 1,True,8.873627205171731,-18.632882532802654
_dyn_#BMS-911543 DMSO.Tech replicate 1 of 1,dyn,BMS-911543,not_encoded,dmso,0.0,Tech replicate 1 of 1,True,31.992794961034612,-34.91524858754553
_dyn_#BMS-911543 PDPD.Tech replicate 1 of 1,dyn,BMS-911543,not_encoded,pdpd,0.0,Tech replicate 1 of 1,True,12.083304955361744,-24.291151166275895
_dyn_#BYL-719 1000nM.Tech replicate 1 of 1,dyn,BYL-719,not_encoded,treatment,1000.0,Tech replicate 1 of 1,True,-27.072918085745517,-2.813608514965269
_dyn_#BYL-719 100nM.Tech replicate 1 of 1,dyn,BYL-719,not_encoded,treatment,100.0,Tech replicate 1 of 1,True,-38.81415667822259,3.4072523541023534
_dyn_#BYL-719 10nM.Tech replicate 1 of 1,dyn,BYL-719,not_encoded,treatment,10.0,Tech replicate 1 of 1,True,-32.85361111855262,1.5652872337488932
_dyn_#BYL-719 30000nM.Tech replicate 1 of 1,dyn,BYL-719,not_encoded,treatment,30000.0,Tech replicate 1 of 1,True,-22.09440195322689,-5.84203338774688
_dyn_#BYL-719 3000nM.Tech replicate 1 of 1,dyn,BYL-719,not_encoded,treatment,3000.0,Tech replicate 1 of 1,True,-44.77814596507969,5.567081569770023
_dyn_#BYL-719 300nM.Tech replicate 1 of 1,dyn,BYL-719,not_encoded,treatment,300.0,Tech replicate 1 of 1,True,-50.26174365189158,6.816314841562603
_dyn_#BYL-719 30nM.Tech replicate 1 of 1,dyn,BYL-719,not_encoded,treatment,30.0,Tech replicate 1 of 1,True,-41.42408619550072,5.554809247761165
_dyn_#BYL-719 3nM.Tech replicate 1 of 1,dyn,BYL-719,not_encoded,treatment,3.0,Tech replicate 1 of 1,True,-27.565484658527463,-0.16407099183017637
_dyn_#BYL-719 DMSO.Tech replicate 1 of 1,dyn,BYL-719,not_encoded,dmso,0.0,Tech replicate 1 of 1,True,-33.839978257377446,1.0293813630031643
_dyn_#BYL-719 PDPD.Tech replicate 1 of 1,dyn,BYL-719,not_encoded,pdpd,0.0,Tech replicate 1 of 1,True,-39.263836746708726,2.3464488806578117
_dyn_#Bafetinib 1000nM.Tech replicate 1 of 1,dyn,Bafetinib,not_encoded,treatment,1000.0,Tech replicate 1 of 1,True,-39.73370368106531,7.642419211438068
_dyn_#Bafetinib 100nM.Tech replicate 1 of 1,dyn,Bafetinib,not_encoded,treatment,100.0,Tech replicate 1 of 1,True,-42.94547291996655,7.550324012624772
_dyn_#Bafetinib 10nM.Tech replicate 1 of 1,dyn,Bafetinib,not_encoded,treatment,10.0,Tech replicate 1 of 1,True,-38.21164012910437,6.3372676868011055
_dyn_#Bafetinib 30000nM.Tech replicate 1 of 1,dyn,Bafetinib,not_encoded,treatment,30000.0,Tech replicate 1 of 1,True,-40.76247629875455,8.639001072027398
_dyn_#Bafetinib 3000nM.Tech replicate 1 of 1,dyn,Bafetinib,not_encoded,treatment,3000.0,Tech replicate 1 of 1,True,-31.35713770007224,4.199888720419036
_dyn_#Bafetinib 300nM.Tech replicate 1 of 1,dyn,Bafetinib,not_encoded,treatment,300.0,Tech replicate 1 of 1,True,-20.672010759643207,-1.0550072405992534
_dyn_#Bafetinib 30nM.Tech replicate 1 of 1,dyn,Bafetinib,not_encoded,treatment,30.0,Tech replicate 1 of 1,True,-19.58484146672358,-0.587971851578899
_dyn_#Bafetinib 3nM.Tech replicate 1 of 1,dyn,Bafetinib,not_encoded,treatment,3.0,Tech replicate 1 of 1,True,-26.583765587368465,1.1347078473916696
_dyn_#Bafetinib DMSO.Tech replicate 1 of 1,dyn,Bafetinib,not_encoded,dmso,0.0,Tech replicate 1 of 1,True,-46.74993115748228,10.100313939562433
_dyn_#Bafetinib PDPD.Tech replicate 1 of 1,dyn,Bafetinib,not_encoded,pdpd,0.0,Tech replicate 1 of 1,True,-12.666429399302901,-10.162383873191802
_dyn_#Barasertib 1000nM.Tech replicate 1 of 1,dyn,Barasertib,not_encoded,treatment,1000.0,Tech replicate 1 of 1,True,1.1228680224184195,-8.65495721061073
_dyn_#Barasertib 100nM.Tech replicate 1 of 1,dyn,Barasertib,not_encoded,treatment,100.0,Tech replicate 1 of 1,True,-0.4997445234215078,-8.68000751482541
_dyn_#Barasertib 10nM.Tech replicate 1 of 1,dyn,Barasertib,not_encoded,treatment,10.0,Tech replicate 1 of 1,True,2.5554648429003697,-9.030459393487353
_dyn_#Barasertib 30000nM.Tech replicate 1 of 1,dyn,Barasertib,not_encoded,treatment,30000.0,Tech replicate 1 of 1,True,-9.397332956845656,-3.853403562556304
_dyn_#Barasertib 3000nM.Tech replicate 1 of 1,dyn,Barasertib,not_encoded,treatment,3000.0,Tech replicate 1 of 1,True,-2.262354820164241,-7.187241349962427
_dyn_#Barasertib 300nM.Tech replicate 1 of 1,dyn,Barasertib,not_encoded,treatment,300.0,Tech replicate 1 of 1,True,-14.315580471479192,-3.9787265575450306
_dyn_#Barasertib 30nM.Tech replicate 1 of 1,dyn,Barasertib,not_encoded,treatment,30.0,Tech replicate 1 of 1,True,-11.458975248883524,-5.67604683802193
_dyn_#Barasertib 3nM.Tech replicate 1 of 1,dyn,Barasertib,not_encoded,treatment,3.0,Tech replicate 1 of 1,True,-14.045044800695893,-3.7643514493858365
_dyn_#Barasertib DMSO.Tech replicate 1 of 1,dyn,Barasertib,not_encoded,dmso,0.0,Tech replicate 1 of 1,True,-20.036812412877058,-3.364182793132651
_dyn_#Barasertib PDPD.Tech replicate 1 of 1,dyn,Barasertib,not_encoded,pdpd,0.0,Tech replicate 1 of 1,True,2.1780275334550585,-14.347613829647285
_dyn_#Barasertib_HQPA 1000nM.Tech replicate 1 of 1,dyn,Barasertib_HQPA,not_encoded,treatment,1000.0,Tech replicate 1 of 1,True,-12.44950041535772,-4.5702434291570615
_dyn_#Barasertib_HQPA 100nM.Tech replicate 1 of 1,dyn,Barasertib_HQPA,not_encoded,treatment,100.0,Tech replicate 1 of 1,True,-11.923981756477486,-6.014826686568671
_dyn_#Barasertib_HQPA 10nM.Tech replicate 1 of 1,dyn,Barasertib_HQPA,not_encoded,treatment,10.0,Tech replicate 1 of 1,True,-18.485296663663146,-2.658525732412034
_dyn_#Barasertib_HQPA 30000nM.Tech replicate 1 of 1,dyn,Barasertib_HQPA,not_encoded,treatment,30000.0,Tech replicate 1 of 1,True,-6.702540375788827,-7.871120209713781
_dyn_#Barasertib_HQPA 3000nM.Tech replicate 1 of 1,dyn,Barasertib_HQPA,not_encoded,treatment,3000.0,Tech replicate 1 of 1,True,-13.423812442559965,-3.5388248481015
_dyn_#Barasertib_HQPA 300nM.Tech replicate 1 of 1,dyn,Barasertib_HQPA,not_encoded,treatment,300.0,Tech replicate 1 of 1,True,-15.70211006140907,-3.269448204314056
_dyn_#Barasertib_HQPA 30nM.Tech replicate 1 of 1,dyn,Barasertib_HQPA,not_encoded,treatment,30.0,Tech replicate 1 of 1,True,-27.424570132117523,-0.21376437765408493
_dyn_#Barasertib_HQPA 3nM.Tech replicate 1 of 1,dyn,Barasertib_HQPA,not_encoded,treatment,3.0,Tech replicate 1 of 1,True,-19.991561863915933,-2.088483969714715
_dyn_#Barasertib_HQPA DMSO.Tech replicate 1 of 1,dyn,Barasertib_HQPA,not_encoded,dmso,0.0,Tech replicate 1 of 1,True,-11.60528302537343,-6.388398155592849
_dyn_#Barasertib_HQPA PDPD.Tech replicate 1 of 1,dyn,Barasertib_HQPA,not_encoded,pdpd,0.0,Tech replicate 1 of 1,True,-12.491273103268862,-7.1848538924772125
_dyn_#Baricitinib 1000nM.Tech replicate 1 of 1,dyn,Baricitinib,not_encoded,treatment,1000.0,Tech replicate 1 of 1,True,-25.02547832472587,0.7840904043383521
_dyn_#Baricitinib 100nM.Tech replicate 1 of 1,dyn,Baricitinib,not_encoded,treatment,100.0,Tech replicate 1 of 1,True,39.02175264704456,-34.568956190438215
_dyn_#Baricitinib 10nM.Tech replicate 1 of 1,dyn,Baricitinib,not_encoded,treatment,10.0,Tech replicate 1 of 1,True,51.00589740589094,-47.60239052172859
_dyn_#Baricitinib 30000nM.Tech replicate 1 of 1,dyn,Baricitinib,not_encoded,treatment,30000.0,Tech replicate 1 of 1,True,-12.254190883336054,-7.80285959765264
_dyn_#Baricitinib 3000nM.Tech replicate 1 of 1,dyn,Baricitinib,not_encoded,treatment,3000.0,Tech replicate 1 of 1,True,-14.512283159263543,-5.953606245799189
_dyn_#Baricitinib 300nM.Tech replicate 1 of 1,dyn,Baricitinib,not_encoded,treatment,300.0,Tech replicate 1 of 1,True,8.698950365376287,-21.34414673553597
_dyn_#Baricitinib 30nM.Tech replicate 1 of 1,dyn,Baricitinib,not_encoded,treatment,30.0,Tech replicate 1 of 1,True,35.894403582125435,-34.25596924512995
_dyn_#Baricitinib 3nM.Tech replicate 1 of 1,dyn,Baricitinib,not_encoded,treatment,3.0,Tech replicate 1 of 1,True,25.816868390963187,-27.823115110576175
_dyn_#Baricitinib DMSO.Tech replicate 1 of 1,dyn,Baricitinib,not_encoded,dmso,0.0,Tech replicate 1 of 1,True,35.24483290051818,-35.14035106973382
_dyn_#Baricitinib PDPD.Tech replicate 1 of 1,dyn,Baricitinib,not_encoded,pdpd,0.0,Tech replicate 1 of 1,True,9.481039077187518,-22.883690436360865
