drug,tested_peptide_drug_pairs,regression_global_fdr_hits,regression_within_drug_fdr_hits,wilcoxon_screening_hits,combined_screening_hits,median_abs_regression_slope,median_abs_treatment_shift,min_regression_global_q_value,min_regression_within_drug_q_value,min_wilcoxon_within_drug_q_value,decreasing,increasing,flat,percent_regression_within_drug_fdr_hits
AT-7519,3711,0,101,1473,1554,0.22673239747435547,0.5971637514381314,0.12947571974476543,0.006324886446715807,0.0302001953125,101.0,0.0,0,2.7216383724063595
AZD-1480,4087,0,60,2203,2227,0.17551845288214368,0.7043076725299908,0.12947571974476543,0.018644765858399755,0.025320925852498018,15.0,45.0,0,1.4680694886224614
BMS-754807,3116,0,26,1108,1118,0.06888102811397295,0.43048165002241756,0.12947571974476543,0.014595561568813304,0.025200569358178052,25.0,1.0,0,0.834403080872914
BMS-777607_withCAKI,3659,0,3,1087,1088,0.16827389459659528,0.407905109194882,0.14622788536908046,0.04841709157396912,0.039980332167832165,3.0,0.0,0,0.08198961464881115
AMG-208_withCAKI,3677,0,2,313,315,0.19289596315979302,0.33838143397636955,0.14622788536908046,0.042821561139025646,0.08678719788519637,0.0,2.0,0,0.054392167527875984
AT-9283,4588,0,2,0,2,0.2699170749712497,0.29213851920323375,0.14622788536908046,0.026298173432034957,0.23427287581699346,2.0,0.0,0,0.043591979075850044
AZD-5363,4546,0,1,611,612,0.18200146975792422,0.4003250288879743,0.12947571974476543,0.009606852096795526,0.09224837662337662,1.0,0.0,0,0.02199736031676199
AMG-900,3943,0,1,0,1,0.14567767606126164,0.318834941147216,0.14622788536908046,0.04371905541828096,0.18173856932153393,0.0,1.0,0,0.0253613999492772
Alvocidib,4086,0,1,0,1,0.09446660183798045,0.1965004356851061,0.12947571974476543,0.01228693624909576,0.11400669642857143,1.0,0.0,0,0.024473813020068527
AZD-4547,4952,0,0,3354,3354,0.11412869700570213,0.9067167591022613,0.14622788536908046,0.13049734698770873,0.021014394350896252,0.0,0.0,0,0.0
AXL-1717,3926,0,0,2710,2710,0.09179447674738536,1.196576112658855,0.2109083934278021,0.9997834734635811,0.02036645086321381,0.0,0.0,0,0.0
AZD-6482,4538,0,0,2357,2357,0.0952016972017475,0.5754208148464945,0.14640457546147145,0.15992589497992518,0.02329377463863338,0.0,0.0,0,0.0
Amuvatinib,3901,0,0,2252,2252,0.15257830371790815,0.7118814217795766,0.14622788536908046,0.06665832795213257,0.019035954091193005,0.0,0.0,0,0.0
AZD-1208,3537,0,0,2212,2212,0.1378423690884821,1.0699998935419615,0.17089954274536773,0.35428580988581565,0.02390381704152249,0.0,0.0,0,0.0
BGT-226,3549,0,0,2127,2127,0.11049214565193223,0.8227971681188393,0.20284432551765416,0.68805659647573,0.019470900632022472,0.0,0.0,0,0.0
BMS-911543,4464,0,0,2053,2053,0.11944725500336584,0.9431344623633571,0.21767579646036528,0.9999607623730186,0.04706477732793522,0.0,0.0,0,0.0
Barasertib,4171,0,0,1988,1988,0.08693337981684846,0.5452221324164253,0.18431664560914057,0.6626766380625191,0.024263542442293375,0.0,0.0,0,0.0
Bafetinib,4025,0,0,1322,1322,0.08530516110668086,0.4470794148016495,0.17535833189550049,0.5409404667129565,0.035017051781737196,0.0,0.0,0,0.0
BMS-690514,5720,0,0,1300,1300,0.15674638990806802,0.6114371421384739,0.14622788536908046,0.11185732974156143,0.012468610491071428,0.0,0.0,0,0.0
AZD-8330,3923,0,0,1216,1216,0.08057284554091705,0.3631577305346223,0.12947571974476543,0.010511734343888763,0.024917428861788618,0.0,0.0,0,0.0
BMS-387032,4132,0,0,1129,1129,0.07417403816403564,0.3383725117385685,0.16783749543400608,0.4170474503269008,0.03158635029354207,0.0,0.0,0,0.0
Abemaciclib,3085,0,0,1122,1122,0.1628458011557411,0.577901403937938,0.14640457546147145,0.18355762555446897,0.0459077380952381,0.0,0.0,0,0.0
AMG-208,4707,0,0,1078,1078,0.24254927443355126,0.585217137634146,0.14622788536908046,0.112422812933727,0.0734000748502994,0.0,0.0,0,0.0
Apatinib,4684,0,0,998,998,0.06056365402697838,0.293961514222695,0.14622788536908046,0.19251309235529834,0.026691283734500363,0.0,0.0,0,0.0
AZD-7762,4086,0,0,908,908,0.10674864043598134,0.3272388426523971,0.14622788536908046,0.10149649906642341,0.038834397810218975,0.0,0.0,0,0.0
BMS-777607,2650,0,0,734,734,0.09587599381833095,0.3762658167892017,0.16783749543400608,0.5168169375497934,0.047813221709006926,0.0,0.0,0,0.0
BYL-719,3693,0,0,696,696,0.0953659937841787,0.3775956049910629,0.17089954274536773,0.4977707283294617,0.05805143360160966,0.0,0.0,0,0.0
Alisertib,4933,0,0,585,585,0.16070207740532513,0.29902398752449955,0.14640457546147145,0.4103530990505214,0.07586429625984252,0.0,0.0,0,0.0
BI-847325,4095,0,0,498,498,0.10093813496182576,0.2974936200648308,0.14622788536908046,0.061885392130935156,0.06763676004228329,0.0,0.0,0,0.0
Barasertib_HQPA,4343,0,0,462,462,0.12380326812858033,0.25371756288402025,0.14622788536908046,0.0661347928777606,0.06938586400817996,0.0,0.0,0,0.0
Apitolisib,3715,0,0,454,454,0.1805513124453663,0.3349648009479367,0.14622788536908046,0.16986220663965867,0.07201845533498759,0.0,0.0,0,0.0
AEE-788,4475,0,0,376,376,0.060160520306306864,0.21876846443701936,0.16048544241201498,0.5818300893424259,0.06059087954939341,0.0,0.0,0,0.0
Afatinib,5527,0,0,340,340,0.12939567289592635,0.37191965248923964,0.14622788536908046,0.22760523205204994,0.04216766357421875,0.0,0.0,0,0.0
Axitinib,5026,0,0,182,182,0.0780890758810652,0.20638146270321034,0.1521073030179816,0.2680673715388339,0.09671336206896551,0.0,0.0,0,0.0
ARRY-380,5572,0,0,114,114,0.16841467760580012,0.4509306012140071,0.14622788536908046,0.2985681658250013,0.026160606971153848,0.0,0.0,0,0.0
AV-412,5350,0,0,51,51,0.12182872408298079,0.35419107556946017,0.14622788536908046,0.11654403704042175,0.0653076171875,0.0,0.0,0,0.0
AEW-541,4123,0,0,0,0,0.2331392883966765,0.42922471471054635,0.14622788536908046,0.08021686200184965,0.10291034345047924,0.0,0.0,0,0.0
ASP-3026,3515,0,0,0,0,0.15278129800007664,0.339617142958371,0.14622788536908046,0.06086307947974197,0.20191865808823528,0.0,0.0,0,0.0
AT-13148,3778,0,0,0,0,0.2747547972678539,1.1972959288043086,0.16783749543400608,0.2676447188109345,0.12493386243386244,0.0,0.0,0,0.0
AZD-2014,5262,0,0,0,0,0.21597756513942173,0.3345340000991355,0.14622788536908046,0.07670022160054574,0.15225694444444443,0.0,0.0,0,0.0
AZD-5438,2614,0,0,0,0,0.6776494477382236,0.5477175972708448,0.14622788536908046,0.10238145888028247,0.4634751773049645,0.0,0.0,0,0.0
AZD-8055,4568,0,0,0,0,0.2112796463429743,0.24431537832211436,0.14622788536908046,0.15299106342266328,0.13517992424242425,0.0,0.0,0,0.0
AZD-8186,3807,0,0,0,0,0.157332311651902,0.2777822263580241,0.16048544241201498,0.2778648837978266,0.10435855263157895,0.0,0.0,0,0.0
Alectinib,5332,0,0,0,0,0.4175448572671937,0.5384980362732685,0.14622788536908046,0.17188937111318575,0.40054086538461536,0.0,0.0,0,0.0
BI-2536,3940,0,0,0,0,0.40978802202532877,0.3806711842039796,0.14622788536908046,0.05390296180759996,0.652145127118644,0.0,0.0,0,0.0
Baricitinib,4361,0,0,0,0,0.4718215609407404,0.4662664981678297,0.14622788536908046,0.05465229793473405,0.1958063936781609,0.0,0.0,0,0.0
