Variant,drug,n_treatment_doses_observed,n_control_observed,median_treatment_minus_dmso_log2,mean_treatment_minus_dmso_log2,max_abs_treatment_minus_dmso_log2,regression_slope_log2_per_log10_nM,regression_r_squared,regression_p_value,wilcoxon_p_value,Unmod variant,Top canonical protein,dyn_present_fraction,regression_global_q_value,wilcoxon_global_q_value,regression_within_drug_q_value,wilcoxon_within_drug_q_value,regression_direction,wilcoxon_direction,regression_global_fdr_hit,regression_within_drug_fdr_hit,wilcoxon_screening_hit,combined_screening_hit
.DDFTEFGK.,AT-7519,8,1,-1.409240230118007,-1.3143152231947197,2.3640969240856364,-0.5602261286015224,0.9733502218280204,5.974746338697322e-06,0.0078125,.DDFTEFGK.,sp|O75822|EIF3J_HUMAN,0.744,0.14450820232090278,0.05139415394553429,0.006324886446715807,0.0302001953125,decreasing,decreasing,False,True,True,True
.QTLPVIYVK.,AT-7519,7,1,-1.6156132934473106,-1.8301592447061512,4.776126849938599,-1.8112328407569158,0.9867716818932531,6.865991736764529e-06,0.046875,.QTLPVIYVK.,sp|P49841|GSK3B_HUMAN,0.936,0.14622788536908046,0.13230547897247386,0.006324886446715807,0.1018460919203747,decreasing,decreasing,False,True,False,True
.LTIPILYVK.,AT-7519,7,1,-1.8291558097421827,-1.8474422544379532,5.987135648578306,-2.4372837837687156,0.9855801325216431,8.521808739848836e-06,0.15625,.LTIPILYVK.,sp|P49840|GSK3A_HUMAN,0.97,0.14622788536908046,0.28086736589806954,0.006324886446715807,0.24853996999571368,decreasing,decreasing,False,True,False,True
.LTGEVVALKK.,AT-7519,7,1,-0.8366986979413049,-1.0014476909019367,3.305735836914618,-1.526312171625942,0.9899144970118628,3.480915602456971e-06,0.21875,.LTGEVVALKK.,sp|P24941|CDK2_HUMAN,0.914,0.12947571974476543,0.3611835256169574,0.006324886446715807,0.33160998774509803,decreasing,decreasing,False,True,False,True
.YHGVSLLNPPETLNL.,AT-7519,7,1,0.15204451543120712,0.21333317775887042,1.9356452064860221,-1.1448188536967396,0.989950463891921,3.449919810426188e-06,0.8125,.YHGVSLLNPPETLNL.,sp|P20248|CCNA2_HUMAN,0.784,0.12947571974476543,0.8940997992413255,0.006324886446715807,0.8842192082111437,decreasing,increasing,False,True,False,True
.AFGVPVR.,AT-7519,7,1,-1.2707565503621936,-1.2126817975274058,3.3283567077265417,-1.3800862689510567,0.9824799386398338,1.3882089070292017e-05,0.109375,.AFGVPVR.,sp|P24941|CDK2_HUMAN,0.652,0.14622788536908046,0.22680027756344306,0.006647521830399841,0.19355776108726752,decreasing,decreasing,False,True,False,True
.VTTVVATPGQGPDRPQEVSYTDTK.,AT-7519,8,1,-0.7089238814536873,-1.3370130810493563,5.161485520298093,-1.6118521510067056,0.9643680531858545,1.43304162336833e-05,0.1953125,.VTTVVATPGQGPDRPQEVSYTDTK.,sp|P49841|GSK3B_HUMAN,0.902,0.14622788536908046,0.33170724348284036,0.006647521830399841,0.3009986243770764,decreasing,decreasing,False,True,False,True
.LSPLEAC+57.021AHSFFDELR.,AT-7519,7,1,-1.4718073276529786,-1.3985967320025863,5.297216346986385,-2.2903980501174797,0.9838076352718862,1.1394169598260348e-05,0.296875,.LSPLEACAHSFFDELR.,sp|P49840|GSK3A_HUMAN,0.94,0.14622788536908046,0.44377013434484675,0.006647521830399841,0.41683811010215666,decreasing,decreasing,False,True,False,True
.KGYEDDDYVSKK.,AT-7519,8,1,-0.6951543157049613,-0.548270135678731,1.8129620318536332,-0.6532215461101722,0.9572001526492563,2.4904239344655786e-05,0.1953125,.KGYEDDDYVSKK.,sp|P51946|CCNH_HUMAN,0.75,0.14622788536908046,0.33170724348284036,0.007415819166502593,0.3009986243770764,decreasing,decreasing,False,True,False,True
.DLKPQNILVTSSGQIK.,AT-7519,6,1,0.44101657936402283,0.4345134388462621,1.668686615646351,-0.96416526428819,0.9913768758255277,2.7964892540766317e-05,0.3125,.DLKPQNILVTSSGQIK.,sp|Q00534|CDK6_HUMAN,0.544,0.14622788536908046,0.4451186295944583,0.007415819166502593,0.4210920479302832,decreasing,increasing,False,True,False,True
.VTTVVATLGQGPER.,AT-7519,6,1,-0.6728405863995306,-0.6915990896809922,3.3107283850950786,-1.9519973587719441,0.9927921343193103,1.9529497653152735e-05,0.4375,.VTTVVATLGQGPER.,sp|P49840|GSK3A_HUMAN,0.97,0.14622788536908046,0.582755071835223,0.007415819166502593,0.5637369791666667,decreasing,decreasing,False,True,False,True
.TSSFAEPGGGGGGGGGGPGGSASGPGGTGGGK.,AT-7519,7,1,-1.164587869219332,-0.9838531657558589,4.56374914715397,-2.170189996651442,0.97940322201936,2.082565591840716e-05,0.46875,.TSSFAEPGGGGGGGGGGPGGSASGPGGTGGGK.,sp|P49840|GSK3A_HUMAN,0.912,0.14622788536908046,0.6026696722836488,0.007415819166502593,0.5868863866396761,decreasing,decreasing,False,True,False,True
.NTFDHPYPTTK.,AT-7519,7,1,0.20022118328709126,0.28047245301571316,1.531445895726364,-0.8123651284826869,0.9776108146273895,2.567314891542083e-05,0.578125,.NTFDHPYPTTK.,sp|P61962|DCAF7_HUMAN,0.652,0.14622788536908046,0.7045750507035511,0.007415819166502593,0.6925183586184636,decreasing,increasing,False,True,False,True
.ALNFGLGR.,AT-7519,7,1,-0.49106622384411835,-0.3732205033085115,2.5134763675791305,-1.250614927165158,0.9768305459166671,2.797668238508119e-05,0.6875,.ALNFGLGR.,sp|P14635|CCNB1_HUMAN,0.538,0.14622788536908046,0.7924236918604651,0.007415819166502593,0.7862288135593221,decreasing,decreasing,False,True,False,True
.DIKPQNLLVDPDTAVLK.,AT-7519,7,1,-2.169399091184488,-2.2788627401766726,6.254096689347399,-2.3405549850205483,0.9752998084843275,3.284729671242692e-05,0.078125,.DIKPQNLLVDPDTAVLK.,sp|P49840|GSK3A_HUMAN,0.974,0.14622788536908046,0.17607289701120507,0.00812642120665442,0.14561621044701156,decreasing,decreasing,False,True,False,True
.ASFSWK.,AT-7519,8,1,0.8269626715690723,0.7387606295586675,1.519031163831059,-0.37246315378993633,0.9465180079532105,4.879565682015037e-05,0.0078125,.ASFSWK.,sp|O15254|ACOX3_HUMAN,0.356,0.14622788536908046,0.05139415394553429,0.008663708126994924,0.0302001953125,decreasing,increasing,False,True,True,True
.IRLESEEEGVPSTAIR.,AT-7519,8,1,-0.7505672513672916,-0.8303059240478845,2.966966698945914,-0.9003852991456227,0.950478900529132,3.8677243332437325e-05,0.109375,.IRLESEEEGVPSTAIR.,sp|P06493|CDK1_HUMAN,0.872,0.14622788536908046,0.22680027756344306,0.008663708126994924,0.19355776108726752,decreasing,decreasing,False,True,False,True
.ELNHPNIVK.,AT-7519,7,1,-0.30021864354180394,-0.48028505828326523,2.943449025283126,-1.420938231334397,0.9719650225756382,4.5136501948885474e-05,0.578125,.ELNHPNIVK.,sp|P24941|CDK2_HUMAN,0.484,0.14622788536908046,0.7045750507035511,0.008663708126994924,0.6925183586184636,decreasing,decreasing,False,True,False,True
.SPEVLLGSAR.,AT-7519,8,1,-0.1293007111125526,-0.3581091672617758,3.0780841439476383,-1.018264618976656,0.9486069047366658,4.326305154818963e-05,0.7421875,.SPEVLLGSAR.,sp|P06493|CDK1_HUMAN,0.836,0.14622788536908046,0.8364680472149252,0.008663708126994924,0.8276015061598557,decreasing,decreasing,False,True,False,True
.VIGNGSFGVVYQAR.,AT-7519,6,1,-0.4579890767636279,-0.40544497629935644,3.184737817730362,-2.060205305786204,0.9889270728243671,4.614941453042135e-05,0.84375,.VIGNGSFGVVYQAR.,sp|P49840|GSK3A_HUMAN,0.796,0.14622788536908046,0.9051231621315947,0.008663708126994924,0.8935948202054794,decreasing,decreasing,False,True,False,True
.E-18.01THEIVALKR.,AT-7519,8,1,-0.16558268215203853,-0.03731306656152711,1.6685496647748437,-0.7488594033496124,0.9464343370646053,4.902664259415074e-05,0.9453125,.ETHEIVALKR.,sp|Q00535|CDK5_HUMAN,0.384,0.14622788536908046,0.9776965638246126,0.008663708126994924,0.9714911901135419,decreasing,decreasing,False,True,False,True
.NRETHEIVALKR.,AT-7519,8,1,0.5784226504515164,0.6576995845665534,2.1621300289025207,-0.7388572163840152,0.9454699727405861,5.1742123711631746e-05,0.1484375,.NRETHEIVALKR.,sp|Q00535|CDK5_HUMAN,0.898,0.14622788536908046,0.2754713441009754,0.008727955504266608,0.24054653384279476,decreasing,increasing,False,True,False,True
.DIKPQNLLLDPDTAVLK.,AT-7519,7,1,-2.1379359024950517,-2.139354906190946,5.334724426807302,-1.9375099188418567,0.9673043653818814,6.641144648023967e-05,0.046875,.DIKPQNLLLDPDTAVLK.,sp|P49841|GSK3B_HUMAN,0.948,0.14622788536908046,0.13230547897247386,0.008926849420893505,0.1018460919203747,decreasing,decreasing,False,True,False,True
.VLVADKDLLDLHK.,AT-7519,8,1,-0.3647582150860167,-0.46311358849957296,1.6864413916572758,-0.5413328493438037,0.9404987396740293,6.735429366343792e-05,0.1484375,.VLVADKDLLDLHK.,sp|O43427|FIBP_HUMAN,0.816,0.14622788536908046,0.2754713441009754,0.008926849420893505,0.24054653384279476,decreasing,decreasing,False,True,False,True
.SDHWPLSDVR.,AT-7519,7,1,0.38422548540070167,0.5921688590136621,1.9360335728686309,-0.8148614148853283,0.9678612353215594,6.360668402096423e-05,0.15625,.SDHWPLSDVR.,sp|O43427|FIBP_HUMAN,0.37,0.14622788536908046,0.28086736589806954,0.008926849420893505,0.24853996999571368,decreasing,increasing,False,True,False,True
.ISTLPQLNSALVQDLAK.,AT-7519,7,1,0.4863920483148121,0.45356979459270413,2.2081997588831292,-1.18930796157339,0.9694750848704108,5.588678510414928e-05,0.46875,.ISTLPQLNSALVQDLAK.,sp|P14635|CCNB1_HUMAN,0.886,0.14622788536908046,0.6026696722836488,0.008926849420893505,0.5868863866396761,decreasing,increasing,False,True,False,True
.AALAHPFFQDVTKPVPH.,AT-7519,6,1,-0.1906217578494669,-0.21250662562632114,2.086077307743519,-1.4325024603313183,0.9867423782966203,6.620516898472642e-05,0.84375,.AALAHPFFQDVTKPVPH.,sp|P24941|CDK2_HUMAN,0.97,0.14622788536908046,0.9051231621315947,0.008926849420893505,0.8935948202054794,decreasing,decreasing,False,True,False,True
.IGEGTYGTVFK.,AT-7519,8,1,-0.00949201217406248,0.03937136621691417,1.379528849114127,-0.6148590463126499,0.9432637858779589,5.833037837173308e-05,1.0,.IGEGTYGTVFK.,sp|Q00535|CDK5_HUMAN,0.892,0.14622788536908046,1.0,0.008926849420893505,1.0,decreasing,decreasing,False,True,False,True
.QIQQLESNNR.,AZD-5363,7,1,-0.3120860315870857,-0.30142759430175153,1.5631688558586845,-0.8295623809663557,0.9917374370774673,2.113253870830516e-06,0.375,.QIQQLESNNR.,sp|O75116|ROCK2_HUMAN,0.926,0.12947571974476543,0.5203635972461274,0.009606852096795526,0.5183990542150729,decreasing,decreasing,False,True,False,True
.LESEEEGVPSTAIR.,AT-7519,8,1,0.16226346399884584,-0.28037951520515003,2.6048419181666453,-1.04616497602851,0.9380088569233068,7.624347517343243e-05,0.9453125,.LESEEEGVPSTAIR.,sp|P06493|CDK1_HUMAN,0.822,0.14622788536908046,0.9776965638246126,0.009756535736848542,0.9714911901135419,decreasing,increasing,False,True,False,True
.DLKPQNLLINR.,AT-7519,8,1,0.521441039315091,0.48170405645796466,1.9411533992197825,-0.7028317315606053,0.9367778467472093,8.09157441973832e-05,0.1953125,.DLKPQNLLINR.,sp|Q00535|CDK5_HUMAN,0.962,0.14640457546147145,0.33170724348284036,0.010009277557216301,0.3009986243770764,decreasing,increasing,False,True,False,True
.DLKPQNLLIDDK.,AT-7519,7,1,2.8955146467042283,2.8834228759327303,4.589323172843947,-0.9730460527295379,0.9610945603445673,0.00010281022420188399,0.015625,.DLKPQNLLIDDK.,sp|P06493|CDK1_HUMAN,0.292,0.1521073030179816,0.06360583396448709,0.011329545678228112,0.043531813063063064,decreasing,increasing,False,True,True,True
.NQTYSFSPSK.,AT-7519,8,1,0.9494559669008797,1.0192139599777659,2.4418222090529014,-0.5621851732947237,0.9300459512004089,0.00010990666785669955,0.015625,.NQTYSFSPSK.,sp|Q86YS7|C2CD5_HUMAN,0.686,0.1521073030179816,0.06360583396448709,0.011329545678228112,0.043531813063063064,decreasing,increasing,False,True,True,True
.TQEPAGSLEENNSDKNSGPQGPR.,AT-7519,5,1,1.2296028261008942,1.0981030480685035,2.5212219725799727,-1.4634940120205313,0.9960738603067918,0.00010453212817484892,0.1875,.TQEPAGSLEENNSDKNSGPQGPR.,sp|Q9NYV4|CDK12_HUMAN,0.506,0.1521073030179816,0.33170724348284036,0.011329545678228112,0.2955872982158029,decreasing,increasing,False,True,False,True
.LLDVIHTENK.,AT-7519,7,1,-1.068950765865413,-0.9445104095722984,3.9637796547846307,-1.6675186312295935,0.9600863888434156,0.00010964140171811648,0.375,.LLDVIHTENK.,sp|P24941|CDK2_HUMAN,0.568,0.1521073030179816,0.5203635972461274,0.011329545678228112,0.49986530172413796,decreasing,decreasing,False,True,False,True
.LC+57.021DFGSAK.,AT-7519,6,1,-0.7045622997042891,-0.5658675229531926,3.1373162065115636,-1.9332957960891928,0.9839600195859762,9.700091668810444e-05,0.5625,.LCDFGSAK.,sp|P49841|GSK3B_HUMAN,0.91,0.1521073030179816,0.6937606369077592,0.011329545678228112,0.679725659394334,decreasing,decreasing,False,True,False,True
.LGEGTYATVFK.,AT-7519,8,1,6.346916177868422e-05,-0.2919185163400777,2.735341375315084,-1.0484171685300463,0.9321887550881407,0.00010002776240207257,0.84375,.LGEGTYATVFK.,sp|Q07002|CDK18_HUMAN,0.46,0.1521073030179816,0.9051231621315947,0.011329545678228112,0.8935948202054794,decreasing,increasing,False,True,False,True
.NNASTDYDLSDK.,AT-7519,8,1,-1.5829557521683988,-1.6044223809469687,2.8780926168286847,-0.6032088308377638,0.9273980794234017,0.00012299517351606522,0.0078125,.NNASTDYDLSDK.,sp|P39023|RL3_HUMAN,0.79,0.1521073030179816,0.05139415394553429,0.011410877222952951,0.0302001953125,decreasing,decreasing,False,True,True,True
.DVYEEDSYVKR.,AT-7519,8,1,0.6078842707740062,0.6179590537879189,1.565471346702985,-0.4734472907339107,0.9275323944191244,0.00012230725105992005,0.0390625,.DVYEEDSYVKR.,sp|P07949|RET_HUMAN,0.802,0.1521073030179816,0.11332605517654996,0.011410877222952951,0.08597920373665481,decreasing,increasing,False,True,True,True
.ALFPGDSEIDQLFR.,AT-7519,7,1,-0.7832233299710687,-1.4736307342201695,4.788816924851307,-1.5020749531092321,0.9593244833249048,0.00011498121362796868,0.109375,.ALFPGDSEIDQLFR.,sp|P24941|CDK2_HUMAN,0.958,0.1521073030179816,0.22680027756344306,0.011410877222952951,0.19355776108726752,decreasing,decreasing,False,True,False,True
.ALGTPNNEVWPEVESLQDYK.,AT-7519,8,1,1.253767985221998,0.9143162354620227,2.402232908981915,-0.9931718818424866,0.9278469588694029,0.00012070628950906984,0.109375,.ALGTPNNEVWPEVESLQDYK.,sp|P06493|CDK1_HUMAN,0.592,0.1521073030179816,0.22680027756344306,0.011410877222952951,0.19355776108726752,decreasing,increasing,False,True,False,True
.TGEVVAIKK.,AT-7519,5,1,-0.09743822425049942,-0.048505937848531036,1.4660247194301164,-1.3677977355840094,0.9954150657077872,0.00013194318417633096,0.8125,.TGEVVAIKK.,sp|P24941|CDK2_HUMAN,0.468,0.15486496401085365,0.8940997992413255,0.011942467231179615,0.8842192082111437,decreasing,decreasing,False,True,False,True
.GSQITQQSTNQSR.,Alvocidib,7,1,-3.1350829493269643,-3.0625933809647172,5.971623591160718,-1.9858247555627977,0.9904870750579761,3.0070818034987175e-06,0.015625,.GSQITQQSTNQSR.,sp|P50750|CDK9_HUMAN,0.856,0.12947571974476543,0.06360583396448709,0.01228693624909576,0.11866868029739777,decreasing,decreasing,False,True,False,True
.VLIDLIQR.,AT-7519,8,1,-0.23173087033724826,-0.24300122147964842,2.011549787934051,-0.7487598811949496,0.9236632521757064,0.00014318348030876646,0.4609375,.VLIDLIQR.,sp|Q9H2K8|TAOK3_HUMAN,0.98,0.15726204215046674,0.6001057647019243,0.012651283224424579,0.5816181783407004,decreasing,decreasing,False,True,False,True
.ILELSGSSSEDSEK.,AT-7519,8,1,-0.38400422468444795,-0.32312190240516925,1.0833878421462941,-0.45685169905830797,0.9220052102131986,0.0001528189407003041,0.1484375,.ILELSGSSSEDSEK.,sp|P78527|PRKDC_HUMAN,0.572,0.16048544241201498,0.2754713441009754,0.013188629975321595,0.24054653384279476,decreasing,decreasing,False,True,False,True
.KPLFHGDSEIDQLFR.,AT-7519,8,1,0.5741788699398729,0.2079373150206547,2.135303533240865,-0.8880821234990244,0.9213166816754652,0.00015694530261400853,0.640625,.KPLFHGDSEIDQLFR.,sp|P06493|CDK1_HUMAN,0.98,0.16048544241201498,0.7506195575821434,0.01323690950001331,0.7385397250698975,decreasing,increasing,False,True,False,True
.RPTVSSDLENIDTGVNSK.,AT-7519,7,1,-0.09187187125881735,-0.07743176068041434,1.7324721717078546,-1.0660817819708999,0.953027730682089,0.00016516222172642005,0.9375,.RPTVSSDLENIDTGVNSK.,sp|O95067|CCNB2_HUMAN,0.558,0.1632233069639208,0.9776965638246126,0.013620377885038774,0.9714911901135419,decreasing,decreasing,False,True,False,True
.TYTHEVVTLWYR.,AT-7519,6,1,-0.47231266472815747,-0.35690458313590767,1.9295592395284515,-1.2972033807741274,0.9784702378272455,0.00017508678800401626,0.4375,.TYTHEVVTLWYR.,sp|P24941|CDK2_HUMAN,0.652,0.16450887265090525,0.582755071835223,0.01412493631049792,0.5637369791666667,decreasing,decreasing,False,True,False,True
.YRPPPQTNLLAPK.,BMS-754807,8,1,-1.336700705728381,-1.4115244264062996,3.3418440889013006,-0.7992265850184749,0.9754203118459338,4.6840698231108166e-06,0.0078125,.YRPPPQTNLLAPK.,sp|Q14289|FAK2_HUMAN,0.944,0.12947571974476543,0.05139415394553429,0.014595561568813304,0.025200569358178052,decreasing,decreasing,False,True,True,True
.TEALEQGGLPK.,AT-7519,8,1,0.04918917796293343,0.2048935119788724,1.6569619513235168,-0.642673838358125,0.9153082104243709,0.00019618860633431698,0.7421875,.TEALEQGGLPK.,sp|P50613|CDK7_HUMAN,0.862,0.16783749543400608,0.8364680472149252,0.01488734755621543,0.8276015061598557,decreasing,increasing,False,True,False,True
.DLKPQNLLIDDKGTIK.,AT-7519,7,1,-0.0005262724717844947,0.268745809536099,2.1397683203041424,-1.0146621698595144,0.9496651200101334,0.00019657236061831207,0.8125,.DLKPQNLLIDDKGTIK.,sp|P06493|CDK1_HUMAN,0.762,0.16783749543400608,0.8940997992413255,0.01488734755621543,0.8842192082111437,decreasing,decreasing,False,True,False,True
.ETHEIVALKR.,AT-7519,8,1,-0.21181468083318222,-0.09382027086219047,1.5969425134488446,-0.7251080355603592,0.9157564379236429,0.00019305521139181847,0.84375,.ETHEIVALKR.,sp|Q00535|CDK5_HUMAN,0.966,0.16783749543400608,0.9051231621315947,0.01488734755621543,0.8935948202054794,decreasing,decreasing,False,True,False,True
.NLDENGLDLLSK.,AT-7519,8,1,-0.08020829118003192,-0.34630729892020007,3.2887110043597723,-1.0444290694229146,0.9134309239922402,0.00020968495515690265,0.84375,.NLDENGLDLLSK.,sp|P06493|CDK1_HUMAN,0.938,0.16967569803415694,0.9051231621315947,0.015562817371745315,0.8935948202054794,decreasing,decreasing,False,True,False,True
.HQALWDR.,AT-7519,7,1,0.3510438311811299,0.5614829271232321,1.6207539330928569,-0.6021280451311161,0.9458777938431797,0.00023599457952277656,0.046875,.HQALWDR.,sp|O43427|FIBP_HUMAN,0.496,0.17089954274536773,0.13230547897247386,0.016798994867511536,0.1018460919203747,decreasing,increasing,False,True,False,True
.DLLQNLLK.,AT-7519,8,1,-0.4555328481430365,-0.5840941732235825,2.700996263145793,-0.7891137581147029,0.9095032459705749,0.00023992097223877966,0.25,.DLLQNLLK.,sp|Q00535|CDK5_HUMAN,0.812,0.17089954274536773,0.38121995429111827,0.016798994867511536,0.3545089797478028,decreasing,decreasing,False,True,False,True
.AGNILLSEPGLVK.,AT-7519,7,1,0.20237862806243712,0.1800732909322958,1.7635077488458748,-1.0429498195087181,0.9462270623289821,0.0002321753201935287,0.578125,.AGNILLSEPGLVK.,sp|Q9UL54|TAOK2_HUMAN,0.78,0.17089954274536773,0.7045750507035511,0.016798994867511536,0.6925183586184636,decreasing,increasing,False,True,False,True
.RPSTIAEQTVAK.,AT-7519,8,1,1.0597654174208806,0.9764938771773268,1.4719249060953565,-0.3282997660812031,0.9063377958721472,0.0002663302065782765,0.0078125,.RPSTIAEQTVAK.,sp|Q9H0K1|SIK2_HUMAN,0.914,0.17089954274536773,0.05139415394553429,0.018302803640962668,0.0302001953125,decreasing,increasing,False,True,True,True
.AAESLADPTEYENLFPGLK.,AZD-1480,7,1,-0.852570673045296,-0.8650588212427083,1.4737275985250378,0.32874013768530697,0.9887640683990221,4.561968646537743e-06,0.015625,.AAESLADPTEYENLFPGLK.,sp|P35606|COPB2_HUMAN,0.532,0.12947571974476543,0.06360583396448709,0.018644765858399755,0.03322548126951093,increasing,decreasing,False,True,True,True
.LDTETEGVPSTAIR.,AT-7519,7,1,-0.13193639108276756,-0.1249995237165916,2.628551980174052,-1.328288639054068,0.9422497121134815,0.0002779317674481354,0.9375,.LDTETEGVPSTAIR.,sp|P24941|CDK2_HUMAN,0.9,0.17089954274536773,0.9776965638246126,0.018752814345455098,0.9714911901135419,decreasing,decreasing,False,True,False,True
.VYTHEVVTLWYR.,AT-7519,7,1,0.3045175771928932,0.5548659953963673,2.5457531829402704,-1.3467786910850645,0.9411608681897129,0.0002913370521860499,0.46875,.VYTHEVVTLWYR.,sp|P06493|CDK1_HUMAN,0.734,0.17089954274536773,0.6026696722836488,0.01896757545021809,0.5868863866396761,decreasing,increasing,False,True,False,True
.LTGEVVALK.,AT-7519,7,1,-0.7144379847550795,-0.6884545301850652,3.25886852741127,-1.3986876574876117,0.9412534052904891,0.00029018285742870106,0.578125,.LTGEVVALK.,sp|P24941|CDK2_HUMAN,0.7,0.17089954274536773,0.7045750507035511,0.01896757545021809,0.6925183586184636,decreasing,decreasing,False,True,False,True
.QYDQEIENLEK.,AT-7519,7,1,-0.44944188381563066,-0.38412240652060703,1.1867696806092596,-0.5536915669620774,0.9398378766812439,0.0003081439115606328,0.15625,.QYDQEIENLEK.,sp|Q9H2G2|SLK_HUMAN,0.752,0.17089954274536773,0.28086736589806954,0.019058700930025138,0.24853996999571368,decreasing,decreasing,False,True,False,True
.IGEVDVEQHTLAK.,AT-7519,6,1,-0.973043039759828,-0.9097536065771212,2.4833988616706684,-1.0587614294403993,0.9718433608203578,0.000300133973936332,0.21875,.IGEVDVEQHTLAK.,sp|P14635|CCNB1_HUMAN,0.522,0.17089954274536773,0.3611835256169574,0.019058700930025138,0.33160998774509803,decreasing,decreasing,False,True,False,True
.DQSDFVGQTVELGELR.,AT-7519,8,1,0.047498715571771655,0.13522797214343552,1.2820150554098149,-0.5097470375883933,0.902129699731279,0.0003043858548710671,0.84375,.DQSDFVGQTVELGELR.,sp|O14976|GAK_HUMAN,0.9,0.17089954274536773,0.9051231621315947,0.019058700930025138,0.8935948202054794,decreasing,increasing,False,True,False,True
.EVMLVGIGDK.,AT-7519,6,1,0.583146294461784,0.5635515231897011,1.658379353714011,-0.6182375359680705,0.970446897138006,0.0003308008307602998,0.21875,.EVMLVGIGDK.,sp|P36542|ATPG_HUMAN,0.222,0.17089954274536773,0.3611835256169574,0.01975732620283816,0.33160998774509803,decreasing,increasing,False,True,False,True
.IQAAASTPTNATAASDANTGDR.,AT-7519,7,1,-0.1253451156425882,-0.638422532518116,4.096778241576786,-1.8653497990245878,0.9377816369123044,0.0003354113583343585,0.578125,.IQAAASTPTNATAASDANTGDR.,sp|P49841|GSK3B_HUMAN,0.928,0.17089954274536773,0.7045750507035511,0.01975732620283816,0.6925183586184636,decreasing,decreasing,False,True,False,True
.QSGVVVEEPPPSK.,AT-7519,6,1,-0.2605878326714741,-0.045133553098165656,2.23561997730571,-1.6906611933042106,0.970413688224128,0.0003315484505512338,1.0,.QSGVVVEEPPPSK.,sp|Q9NYV4|CDK12_HUMAN,0.87,0.17089954274536773,1.0,0.01975732620283816,1.0,decreasing,decreasing,False,True,False,True
.IPQERPTSAELLR.,AT-7519,8,1,-0.16431847640764197,-0.2657505095856667,1.6149264757155386,-0.7268121529872316,0.897484540647487,0.0003504812647588445,0.4609375,.IPQERPTSAELLR.,sp|Q9H2K8|TAOK3_HUMAN,0.722,0.17199356182909262,0.6001057647019243,0.01998861291601382,0.5816181783407004,decreasing,decreasing,False,True,False,True
.APEILLGC+57.021K.,AT-7519,6,1,-0.2970858197501496,-0.19072767163136817,2.25524378143324,-1.6032151838392246,0.9693692451876843,0.00035549675355885536,0.6875,.APEILLGCK.,sp|P24941|CDK2_HUMAN,0.878,0.17199356182909262,0.7924236918604651,0.01998861291601382,0.7862288135593221,decreasing,decreasing,False,True,False,True
.LQNETLHLAVNYIDR.,AT-7519,6,1,-0.1645642791742219,-0.016156217590951982,1.4144159225837853,-1.0053585829870928,0.9696617823260265,0.0003487040318154764,1.0,.LQNETLHLAVNYIDR.,sp|P20248|CCNA2_HUMAN,0.434,0.17199356182909262,1.0,0.01998861291601382,1.0,decreasing,decreasing,False,True,False,True
.QLEEEQAVRPK.,AT-7519,7,1,-0.09683301355437024,-0.1435989850547291,1.792257441744173,-1.0299673701819054,0.932961233008409,0.0004049351256452486,0.9375,.QLEEEQAVRPK.,sp|P14635|CCNB1_HUMAN,0.88,0.17311472147152923,0.9776965638246126,0.02242857091447041,0.9714911901135419,decreasing,decreasing,False,True,False,True
.LQPQEISPPPTANLDR.,BMS-754807,8,1,-3.058603760073243,-2.958902889614466,5.326395439006166,-1.346503310943153,0.9515919387451455,3.6111774386875595e-05,0.0078125,.LQPQEISPPPTANLDR.,sp|Q05397|FAK1_HUMAN,0.99,0.14622788536908046,0.05139415394553429,0.022640203424777128,0.025200569358178052,decreasing,decreasing,False,True,True,True
.SKQPLPSAPENNPEEELASK.,BMS-754807,8,1,-1.437595460903859,-1.9792230959697656,4.802239199535716,-1.2263154004724313,0.9459635415129433,5.034004257935489e-05,0.0078125,.SKQPLPSAPENNPEEELASK.,sp|O14965|AURKA_HUMAN,0.916,0.14622788536908046,0.05139415394553429,0.022640203424777128,0.025200569358178052,decreasing,decreasing,False,True,True,True
.NLLDAVDQAK.,BMS-754807,7,1,-0.9988830472030799,-1.2920307951690775,3.7765407232739996,-0.9668573288233012,0.9744549666318534,3.573952539336716e-05,0.015625,.NLLDAVDQAK.,sp|Q14289|FAK2_HUMAN,0.81,0.14622788536908046,0.06360583396448709,0.022640203424777128,0.034047202797202795,decreasing,decreasing,False,True,True,True
.VC+57.021FYSNSFNPGK.,BMS-754807,7,1,-1.4731684965673395,-1.4332795980278152,2.6968134425771844,-0.8405757313796967,0.9705995025603379,5.086053400944797e-05,0.015625,.VCFYSNSFNPGK.,sp|Q14289|FAK2_HUMAN,0.86,0.14622788536908046,0.06360583396448709,0.022640203424777128,0.034047202797202795,decreasing,decreasing,False,True,True,True
.RPGGPQYGIAR.,BMS-754807,8,1,-0.5476264828302693,-0.8985207069436019,3.1217270252813663,-0.8999902011490717,0.9491761160982065,4.18320919090094e-05,0.109375,.RPGGPQYGIAR.,sp|Q14289|FAK2_HUMAN,0.952,0.14622788536908046,0.22680027756344306,0.022640203424777128,0.15771055067098566,decreasing,decreasing,False,True,False,True
.VLEDDPEATYTTSGGK.,AT-7519,8,1,-0.15137593399537508,-0.1925019737856415,0.8791161420840403,-0.3342582483936372,0.8912931658639964,0.0004189597895081122,0.25,.VLEDDPEATYTTSGGK.,sp|P29317|EPHA2_HUMAN,0.874,0.17492547662970936,0.38121995429111827,0.022864114395067713,0.3545089797478028,decreasing,decreasing,False,True,False,True
.KSNYEVLEK.,BMS-754807,7,1,-2.3711831275538486,-2.3584858605064185,4.134081814474925,-1.4207988663006614,0.9679963416677344,6.293719075803334e-05,0.015625,.KSNYEVLEK.,sp|Q05397|FAK1_HUMAN,0.738,0.14622788536908046,0.06360583396448709,0.023109533031309946,0.034047202797202795,decreasing,decreasing,False,True,True,True
.LLNSDLGELINK.,BMS-754807,8,1,-3.1637699441806557,-2.9394568108753867,5.026580190705076,-1.3342683584294452,0.9291294084354415,0.00011432524814059839,0.0078125,.LLNSDLGELINK.,sp|Q05397|FAK1_HUMAN,0.934,0.1521073030179816,0.05139415394553429,0.023560616832547177,0.025200569358178052,decreasing,decreasing,False,True,True,True
.TTLLYFYQQLR.,BMS-754807,8,1,-1.0994271329861416,-1.3265019868399537,3.766844948472361,-0.9392678450399514,0.9317369115596313,0.00010205896948197261,0.0078125,.TTLLYFYQQLR.,sp|Q14289|FAK2_HUMAN,0.918,0.1521073030179816,0.05139415394553429,0.023560616832547177,0.025200569358178052,decreasing,decreasing,False,True,True,True
.SHYFEGVLK.,BMS-754807,8,1,-0.8849626167470586,-1.261765591251418,3.4452467511244045,-0.7902781784670272,0.9284046326140168,0.00011790281569132464,0.0078125,.SHYFEGVLK.,sp|P54619|AAKG1_HUMAN,0.888,0.1521073030179816,0.05139415394553429,0.023560616832547177,0.025200569358178052,decreasing,decreasing,False,True,True,True
.C+57.021TVQTEIR.,BMS-754807,7,1,-1.5298621973161524,-1.350872658040231,2.5025190664401435,-0.7935373641566409,0.9584938275477574,0.000120978777060576,0.015625,.CTVQTEIR.,sp|Q14289|FAK2_HUMAN,0.694,0.1521073030179816,0.06360583396448709,0.023560616832547177,0.034047202797202795,decreasing,decreasing,False,True,True,True
.EVGLDLFFPK.,BMS-754807,8,1,-0.4431901173755186,-0.8220417982710932,2.7200566117283067,-0.7823097768242369,0.9352877473232665,8.682423722644412e-05,0.1484375,.EVGLDLFFPK.,sp|Q14289|FAK2_HUMAN,0.926,0.14640457546147145,0.2754713441009754,0.023560616832547177,0.19673809017439386,decreasing,decreasing,False,True,False,True
.NKELYEINPPEISEEIIGSPIPEPR.,AT-7519,7,1,0.8245611218613114,0.9569903391882255,1.9615952330661024,-0.5377082265425525,0.9292529944616486,0.00046392719411890107,0.015625,.NKELYEINPPEISEEIIGSPIPEPR.,sp|Q86YS7|C2CD5_HUMAN,0.592,0.17535833189550049,0.06360583396448709,0.024259116616768047,0.043531813063063064,decreasing,increasing,False,True,True,True
.YFFYSSGEK.,AT-7519,6,1,-0.3701994200209864,-0.5449805007286077,2.9743427058466274,-1.6194326003253925,0.9650265612662902,0.0004641329236837864,0.5625,.YFFYSSGEK.,sp|P49841|GSK3B_HUMAN,0.932,0.17535833189550049,0.6937606369077592,0.024259116616768047,0.679725659394334,decreasing,decreasing,False,True,False,True
.DLKPQNLLINTEGAIK.,AT-7519,7,1,-0.1056954325418289,-0.3948049160960621,2.8026405011328848,-1.3236431298842064,0.929824442294989,0.0004545172174111884,0.578125,.DLKPQNLLINTEGAIK.,sp|P24941|CDK2_HUMAN,0.984,0.17535833189550049,0.7045750507035511,0.024259116616768047,0.6925183586184636,decreasing,decreasing,False,True,False,True
.EIITSILLSGR.,BMS-754807,8,1,-0.5662575791031212,-0.9045781603899385,3.0986974450172085,-0.8929954386836484,0.925386582816598,0.0001336113583320573,0.25,.EIITSILLSGR.,sp|Q14289|FAK2_HUMAN,0.916,0.15486496401085365,0.38121995429111827,0.024490176033099446,0.2939622641509434,decreasing,decreasing,False,True,False,True
.ESKEEETSIDVAGKPNEVTK.,AZD-1480,7,1,-0.4321410880883185,-0.4571870558300094,1.2349705105189024,0.39530933677735963,0.9800885070921178,1.9131629565831677e-05,0.046875,.ESKEEETSIDVAGKPNEVTK.,sp|P53985|MOT1_HUMAN,0.666,0.14622788536908046,0.13230547897247386,0.026063656678518024,0.07845132063882064,increasing,decreasing,False,True,False,True
.AFGIPVR.,AT-7519,8,1,0.48500799558092744,0.5123548987625548,1.8917025581187694,-0.6563030080225833,0.8841956478879148,0.0005079851194433704,0.1953125,.AFGIPVR.,sp|Q00535|CDK5_HUMAN,0.688,0.17950762534958978,0.33170724348284036,0.02618239969797705,0.3009986243770764,decreasing,increasing,False,True,False,True
.TSC+57.021GSPNYAAPEVISGR.,AT-9283,8,1,-1.7464383070843752,-1.9111496283301235,4.411572066394914,-1.0531667300776444,0.9678118794204954,1.0549939745361975e-05,0.0078125,.TSCGSPNYAAPEVISGR.,sp|Q13131|AAPK1_HUMAN,0.768,0.14622788536908046,0.05139415394553429,0.026298173432034957,0.23427287581699346,decreasing,decreasing,False,True,False,True
.SALNSSKPTPQLKPIESSILAQR.,AT-9283,5,1,-0.6044093596186073,-0.5015308987993464,1.0756689447413734,-0.472716796140416,0.9990999140191233,1.1463894259823434e-05,0.125,.SALNSSKPTPQLKPIESSILAQR.,sp|Q15418|KS6A1_HUMAN,0.31,0.14622788536908046,0.24187951277076625,0.026298173432034957,0.4061614730878187,decreasing,decreasing,False,True,False,True
.SNDKVYENVTGLVK.,BMS-754807,8,1,-2.852167141765557,-2.4486915692706335,4.275051694769903,-1.0662685029412542,0.9196721863954554,0.00016710323353949394,0.0078125,.SNDKVYENVTGLVK.,sp|Q05397|FAK1_HUMAN,0.946,0.16407135527212688,0.05139415394553429,0.027404930300477005,0.025200569358178052,decreasing,decreasing,False,True,True,True
.LGAQSIQPTANLDR.,BMS-754807,8,1,-0.5459149068589131,-0.9546944749658031,3.3582206469889364,-0.9349974769842063,0.9201539810762841,0.00016408269452196508,0.1953125,.LGAQSIQPTANLDR.,sp|Q14289|FAK2_HUMAN,0.944,0.1632233069639208,0.33170724348284036,0.027404930300477005,0.25065640444810544,decreasing,decreasing,False,True,False,True
.GEGAEPQYVDK.,AT-7519,8,1,-0.11471638914188276,-0.21175857441236978,1.498242482953863,-0.4973134712687944,0.8818740366281465,0.0005396735784364167,0.4609375,.GEGAEPQYVDK.,sp|Q9H479|FN3K_HUMAN,0.746,0.18232754809382518,0.6001057647019243,0.027434639035308798,0.5816181783407004,decreasing,decreasing,False,True,False,True
.DSYVGDEAQSK.,AT-7519,8,1,-3.374274131841563,-3.404668045417386,5.048002159970398,-0.7574575211496964,0.879298522639821,0.0005763660464598393,0.0078125,.DSYVGDEAQSK.,sp|P60709|ACTB_HUMAN,0.962,0.18335488355833682,0.05139415394553429,0.028903978356925184,0.0302001953125,decreasing,decreasing,False,True,True,True
.IEREDALAFNSAISLPGPR.,AT-7519,6,1,-0.605931908751332,-0.5766903957816716,2.3906952682966605,-1.3122669187997567,0.9604641581815684,0.0005940572218343026,0.3125,.IEREDALAFNSAISLPGPR.,sp|P20248|CCNA2_HUMAN,0.594,0.18386152201807943,0.4451186295944583,0.02939395133636129,0.4210920479302832,decreasing,decreasing,False,True,False,True
.ITATQALK.,AT-7519,8,1,0.9263856292351544,0.894099209621904,2.150412212147028,-0.5336071202670954,0.8763701763678153,0.0006200990679523927,0.015625,.ITATQALK.,sp|P50613|CDK7_HUMAN,0.846,0.18431664560914057,0.06360583396448709,0.030162486680819653,0.043531813063063064,decreasing,increasing,False,True,True,True
.EIPFNEDPNPNTHSSGPSTPLK.,AT-7519,8,1,0.8354585217960544,0.6082214387040019,1.9274782187062804,-0.5370090555862199,0.8759959451907054,0.000625845183083566,0.0546875,.EIPFNEDPNPNTHSSGPSTPLK.,sp|Q86YS7|C2CD5_HUMAN,0.698,0.18431664560914057,0.1462192370937431,0.030162486680819653,0.1146583686440678,decreasing,increasing,False,True,False,True
.AGPLAGGVTTFVALYDYESR.,AT-7519,7,1,2.1166908062018877,2.0621833375338845,3.6543228820110514,-0.6262221796782602,0.9198728788940884,0.0006355920542192962,0.015625,.AGPLAGGVTTFVALYDYESR.,sp|P12931|SRC_HUMAN,0.83,0.18632230945341882,0.06360583396448709,0.030239514271894974,0.043531813063063064,decreasing,increasing,False,True,True,True
.GFLNQFTEDKPTLNFFYQQVK.,AZD-1480,8,1,1.0052973210109108,0.8779838932803075,1.4315940025676035,-0.3562160827749705,0.9542678863030287,3.041628245328432e-05,0.0078125,.GFLNQFTEDKPTLNFFYQQVK.,sp|Q05397|FAK1_HUMAN,0.91,0.14622788536908046,0.05139415394553429,0.031077836596643257,0.025320925852498018,decreasing,increasing,False,True,True,True
.DNSLVLTPSHIK.,AT-7519,8,1,0.17492296067460877,0.13144386501537753,1.6071446219759906,-0.5450308528870114,0.8733025213809725,0.0006682711972969048,0.84375,.DNSLVLTPSHIK.,sp|P50613|CDK7_HUMAN,0.768,0.1895083689256084,0.9051231621315947,0.03139182801479511,0.8935948202054794,decreasing,increasing,False,True,False,True
.SFLFQLLK.,AT-7519,7,1,2.477792131698294,2.087450528738017,3.1886299233840525,-0.6709124806372867,0.9161091018148423,0.0007139079312053353,0.015625,.SFLFQLLK.,sp|Q00535|CDK5_HUMAN,0.91,0.19045417673838533,0.06360583396448709,0.031919425695216865,0.043531813063063064,decreasing,increasing,False,True,True,True
.DYAAIVFFANNR.,AT-7519,6,1,1.114459296357614,1.0387720437979204,1.8553682728331076,-0.6197540872360883,0.956967505125259,0.0007046325323467727,0.03125,.DYAAIVFFANNR.,sp|O43427|FIBP_HUMAN,0.34,0.19045417673838533,0.09924050944542008,0.031919425695216865,0.07349096958174905,decreasing,increasing,False,True,True,True
.NLINQMLTINPAK.,AT-7519,8,1,1.214470730229742,0.6911764949468209,2.162908704394013,-0.9913176980344498,0.8705918036253871,0.0007128992189959725,0.1484375,.NLINQMLTINPAK.,sp|Q13555|KCC2G_HUMAN,0.842,0.19045417673838533,0.2754713441009754,0.031919425695216865,0.24054653384279476,decreasing,increasing,False,True,False,True
.LIMEFLPSGSLK.,AT-7519,7,1,0.7673877891081098,0.6335772567826398,1.981648123585213,-0.6946010202451244,0.9171438782762338,0.0006918220966377721,0.21875,.LIMEFLPSGSLK.,sp|P23458|JAK1_HUMAN,0.32,0.19045417673838533,0.3611835256169574,0.031919425695216865,0.33160998774509803,decreasing,increasing,False,True,False,True
.SVTEQGAELSNEER.,AT-7519,8,1,-0.10179924646438288,-0.10483271440281028,1.2322263478295348,-0.512778575279508,0.8685142066673706,0.0007484429766390496,0.7421875,.SVTEQGAELSNEER.,sp|P63104|1433Z_HUMAN,0.966,0.19045417673838533,0.8364680472149252,0.03306514150366087,0.8276015061598557,decreasing,decreasing,False,True,False,True
.EEAQQLWEAEK.,AT-7519,8,1,-1.174660891915611,-1.1724793300079868,2.4633378881887893,-0.5328649707868253,0.8675188443260459,0.0007658903473444621,0.0078125,.EEAQQLWEAEK.,sp|Q14289|FAK2_HUMAN,0.588,0.19045417673838533,0.05139415394553429,0.03309277363593537,0.0302001953125,decreasing,decreasing,False,True,True,True
.LSSLNLTNQALNK.,AT-7519,8,1,1.244090610762182,1.2847201810200235,2.7223792069226214,-0.6509338590025244,0.8669591779586301,0.0007758208855635617,0.015625,.LSSLNLTNQALNK.,sp|Q86YS7|C2CD5_HUMAN,0.94,0.19050144008815317,0.06360583396448709,0.03309277363593537,0.043531813063063064,decreasing,increasing,False,True,True,True
.VIGNGSFGVVYQAK.,AT-7519,6,1,0.6177586811310114,0.4998926076286428,2.179964051297805,-1.4415536422730073,0.9550141393200168,0.0007705746568976641,0.5625,.VIGNGSFGVVYQAK.,sp|P49841|GSK3B_HUMAN,0.954,0.19045417673838533,0.6937606369077592,0.03309277363593537,0.679725659394334,decreasing,increasing,False,True,False,True
.HTLDELNPQK.,BMS-754807,7,1,-0.5999780291983043,-0.8569981640130955,2.7712670123646035,-0.6953617061073214,0.9473272324640607,0.00022039089187884855,0.015625,.HTLDELNPQK.,sp|Q13131|AAPK1_HUMAN,0.67,0.17089954274536773,0.06360583396448709,0.03317068141454915,0.034047202797202795,decreasing,decreasing,False,True,True,True
.VVDIYSKFDVINLAAEK.,BMS-754807,8,1,-0.5945710349425308,-0.9857648359152931,2.6728473329666826,-0.7112603383587505,0.9106751556794123,0.0002306108808875212,0.015625,.VVDIYSKFDVINLAAEK.,sp|P54619|AAKG1_HUMAN,0.774,0.17089954274536773,0.06360583396448709,0.03317068141454915,0.034047202797202795,decreasing,decreasing,False,True,True,True
.GPPPSYGGSSR.,BMS-754807,8,1,0.12225477382635042,0.09401097863815533,0.711936463692119,0.261858592688749,0.9102201521598625,0.0002341960818742238,0.546875,.GPPPSYGGSSR.,sp|P38159|RBMX_HUMAN,0.26,0.17089954274536773,0.680112204825627,0.03317068141454915,0.5894370460048426,increasing,increasing,False,True,False,True
.AQLSTILEEEKAQQEER.,BMS-754807,8,1,-2.5909694935655256,-2.446655470987341,4.310673683471542,-1.1833325735366058,0.9073381846528936,0.0002577823435978624,0.0078125,.AQLSTILEEEKAQQEER.,sp|Q05397|FAK1_HUMAN,0.984,0.17089954274536773,0.05139415394553429,0.0349239035935191,0.025200569358178052,decreasing,decreasing,False,True,True,True
.VFLSPTSLR.,BMS-754807,6,1,-0.4959799016194033,-0.5895991049908916,1.057143412378153,-0.33690634011252185,0.9721205740538702,0.000294225384604747,0.03125,.VFLSPTSLR.,sp|P07949|RET_HUMAN,0.706,0.17089954274536773,0.09924050944542008,0.03526178070878429,0.05586632243258749,decreasing,decreasing,False,True,False,True
.GFPLLTVYLK.,BMS-754807,8,1,-0.32749631565001813,-0.5145301771866828,1.8727732105721486,-0.4961043721212987,0.903527121147856,0.0002913666938100063,0.0546875,.GFPLLTVYLK.,sp|P07949|RET_HUMAN,0.636,0.17089954274536773,0.1462192370937431,0.03526178070878429,0.09186320754716981,decreasing,decreasing,False,True,False,True
.RGEESSEMEQISIIER.,AT-7519,8,1,-0.5031361454636816,-0.5282685245187451,1.7195319458407994,-0.6726827861639814,0.8635707868651291,0.0008378189129092673,0.1953125,.RGEESSEMEQISIIER.,sp|Q06187|BTK_HUMAN,0.506,0.19501633315186453,0.33170724348284036,0.0353312043841624,0.3009986243770764,decreasing,decreasing,False,True,False,True
.DPQQPAQQQQPAQQPK.,AT-7519,7,1,-0.9180285765456588,-0.6817241143756634,3.2638492082510453,-1.4664237928365935,0.9096641382547932,0.0008611552298052642,0.46875,.DPQQPAQQQQPAQQPK.,sp|O75909|CCNK_HUMAN,0.96,0.19518216210519632,0.6026696722836488,0.035907270312441966,0.5868863866396761,decreasing,decreasing,False,True,False,True
.LYMYQLFR.,AT-7519,6,1,-0.6131924198462055,-0.7708696032739043,4.04002571096748,-2.076295640837384,0.9514051648407519,0.0009002963511237818,0.4375,.LYMYQLFR.,sp|P49841|GSK3B_HUMAN,0.682,0.19639972980552953,0.582755071835223,0.037122219544670605,0.5637369791666667,decreasing,decreasing,False,True,False,True
.EVEIQSHLR.,BMS-754807,7,1,-0.6421630218030288,-0.8104265765915584,2.033696727884763,-0.85181555594726,0.9385885033887488,0.00032454412553101415,0.109375,.EVEIQSHLR.,sp|O14965|AURKA_HUMAN,0.808,0.17089954274536773,0.22680027756344306,0.03745479611683852,0.15771055067098566,decreasing,decreasing,False,True,False,True
.YGINNIR.,BMS-754807,8,1,-0.22382224133976258,-0.2621519959751626,0.93469905170274,-0.3550584622837093,0.8981219832744707,0.0003438941165919725,0.25,.YGINNIR.,sp|Q9Y285|SYFA_HUMAN,0.562,0.1719249937026928,0.38121995429111827,0.038270502403592366,0.2939622641509434,decreasing,decreasing,False,True,False,True
.ALQSGPPQSR.,AZD-1480,8,1,-1.5473369406459785,-1.4782047605571318,1.9621313335947193,0.28019382993212755,0.9454288143473879,5.186021278982061e-05,0.0078125,.ALQSGPPQSR.,sp|O00425|IF2B3_HUMAN,0.482,0.14622788536908046,0.05139415394553429,0.03884736629222877,0.025320925852498018,increasing,decreasing,False,True,True,True
.VFHYFESNSEPTTWASIIR.,AZD-1480,8,1,0.39750759541259306,0.352351562154706,0.8953038085338925,-0.34469271579850547,0.9427936992474373,5.980337223573846e-05,0.078125,.VFHYFESNSEPTTWASIIR.,sp|Q05397|FAK1_HUMAN,0.818,0.14622788536908046,0.17607289701120507,0.03884736629222877,0.11506193693693693,decreasing,increasing,False,True,False,True
.QFANLNR.,AZD-1480,8,1,-0.010222175450147475,-0.11715308280363557,1.2874367876262731,-0.4667662086341847,0.9407388910384531,6.653573869478869e-05,0.7421875,.QFANLNR.,sp|Q05397|FAK1_HUMAN,0.78,0.14622788536908046,0.8364680472149252,0.03884736629222877,0.7781735024371472,decreasing,decreasing,False,True,False,True
.EIVHIQAGQC+57.021GNQIGAK.,AT-7519,7,1,-0.1120854826134341,0.13245716817663425,0.9349332402008024,-0.5303031828055397,0.9045962188083198,0.000988997591047186,0.9375,.EIVHIQAGQCGNQIGAK.,sp|P07437|TBB5_HUMAN,0.664,0.20175046261652987,0.9776965638246126,0.04033153912501217,0.9714911901135419,decreasing,decreasing,False,True,False,True
.LTPLEAC+57.021AHSFFDELRDPNVK.,AT-7519,5,1,0.3352985991984525,0.13131392459184496,2.101017530211834,-1.9982197883990778,0.9821609480241636,0.001016686121685499,1.0,.LTPLEACAHSFFDELRDPNVK.,sp|P49841|GSK3B_HUMAN,0.628,0.20229255734430107,1.0,0.04101002388668355,1.0,decreasing,increasing,False,True,False,True
.LAQQYVMTSLQQEYK.,AT-7519,8,1,1.8858732078929652,1.6073655267767908,2.668288500526863,-0.5863245734731309,0.8540685359071594,0.001029503741921612,0.0078125,.LAQQYVMTSLQQEYK.,sp|Q05397|FAK1_HUMAN,0.622,0.20229255734430107,0.05139415394553429,0.04108052028248497,0.0302001953125,decreasing,increasing,False,True,True,True
.TTTPVYVALGIFVQHR.,BMS-754807,8,1,-0.588753326575878,-1.012791300973673,2.98123021037685,-0.75887609677317,0.8928274412828902,0.00040121592885220366,0.0078125,.TTTPVYVALGIFVQHR.,sp|P54619|AAKG1_HUMAN,0.926,0.1728999387649679,0.05139415394553429,0.041672961143448886,0.025200569358178052,decreasing,decreasing,False,True,True,True
.NSNLVGAAHEELQQSR.,AZD-1480,8,1,-0.6987805168446695,-0.6933718713568897,1.0801904345352398,0.25514525934733845,0.930700490091485,0.00010682252710112333,0.0078125,.NSNLVGAAHEELQQSR.,sp|P02545|LMNA_HUMAN,0.606,0.1521073030179816,0.05139415394553429,0.04203490753589082,0.025320925852498018,increasing,decreasing,False,True,True,True
.QPDSGISSIR.,AZD-1480,8,1,-0.6129064675547529,-0.5515502645060577,0.9841613656048693,0.25278444686131224,0.9273153213842802,0.0001234203304210154,0.015625,.QPDSGISSIR.,sp|P04843|RPN1_HUMAN,0.576,0.1521073030179816,0.06360583396448709,0.04203490753589082,0.03322548126951093,increasing,decreasing,False,True,True,True
.GSIDREDGSLQGPIGNQHIYQPVGKPDPAAPPK.,AZD-1480,8,1,-0.2373899054069053,-0.3050228390561762,1.3369443234485558,-0.5259171071833737,0.9275846818931458,0.0001220401517867954,0.3828125,.GSIDREDGSLQGPIGNQHIYQPVGKPDPAAPPK.,sp|Q05397|FAK1_HUMAN,0.728,0.1521073030179816,0.5203635972461274,0.04203490753589082,0.4305323851128233,decreasing,decreasing,False,True,False,True
.LPLAFAYR.,AZD-1480,7,1,-0.06405557165565057,-0.08096974690591097,0.8238634637863598,0.35126175499827905,0.9599092190786573,0.00011086940460558615,0.9375,.LPLAFAYR.,sp|O14578|CTRO_HUMAN,0.756,0.1521073030179816,0.9776965638246126,0.04203490753589082,0.9553640424085065,increasing,decreasing,False,True,False,True
.YEVTSGGGGTSR.,AT-7519,5,1,0.6516752781148796,0.5091231745126684,1.2963971401580565,-0.585820205041841,0.9814360908712738,0.0010795162319006753,0.1875,.YEVTSGGGGTSR.,sp|P15924|DESP_HUMAN,0.23,0.20438136471910517,0.33170724348284036,0.042063603626025625,0.2955872982158029,decreasing,increasing,False,True,False,True
.VDLFNDLNR.,AT-7519,8,1,0.12935582270755575,0.330067639175458,1.6706014058423087,-0.5091087691609744,0.851583079124405,0.0010841578569639083,0.25,.VDLFNDLNR.,sp|Q86YS7|C2CD5_HUMAN,0.884,0.20493628112398818,0.38121995429111827,0.042063603626025625,0.3545089797478028,decreasing,increasing,False,True,False,True
.SQEVAYTDIK.,AT-7519,4,1,-0.7838176237073551,-0.576341793558961,2.3591370246543804,-1.992769920802056,0.9978248941386257,0.0010881449604145676,0.625,.SQEVAYTDIK.,sp|P49840|GSK3A_HUMAN,0.806,0.20501202013684083,0.748122463624666,0.042063603626025625,0.7358423223350253,decreasing,decreasing,False,True,False,True
.KRTEALEQGGLPK.,AT-7519,8,1,0.8334872112466574,0.9514958114883356,2.1367462532228956,-0.4683344247186543,0.8504433312685955,0.001109868324731554,0.0078125,.KRTEALEQGGLPK.,sp|P50613|CDK7_HUMAN,0.844,0.20618438538367354,0.05139415394553429,0.04246104487710099,0.0302001953125,decreasing,increasing,False,True,True,True
.DVYEEDSYVKR.,BMS-754807,8,1,-0.1716158533849157,-0.4053130881620537,1.728839125264269,-0.5288361617057085,0.8909178269580196,0.00042337999747294727,0.3125,.DVYEEDSYVKR.,sp|P07949|RET_HUMAN,0.802,0.17492547662970936,0.4451186295944583,0.04255651845566786,0.3564238653001464,decreasing,decreasing,False,True,False,True
.DIENQYETQITQIEHEVSSSGQEVQSSAK.,AMG-208_withCAKI,6,1,-0.7545175621766251,-0.8594671238876975,2.2911716566159974,0.8915252861295986,0.9921293189149948,2.3291575272790668e-05,0.15625,.DIENQYETQITQIEHEVSSSGQEVQSSAK.,sp|P35527|K1CI_HUMAN,0.622,0.14622788536908046,0.28086736589806954,0.042821561139025646,0.3395574763593381,increasing,decreasing,False,True,False,True
.LKDAEKPVLFFER.,AMG-208_withCAKI,7,1,0.20150633931821105,0.21772738875873696,0.9923586086795879,0.40248897625555574,0.9796308845405716,2.0253262277334387e-05,0.296875,.LKDAEKPVLFFER.,sp|P27707|DCK_HUMAN,0.684,0.14622788536908046,0.44377013434484675,0.042821561139025646,0.4982924978317433,increasing,increasing,False,True,False,True
.YDGIILPGK.,AMG-900,7,1,-0.2999697183112211,-0.1028269035814421,0.7612598972881095,0.37795139149096063,0.9839828288536301,1.1087764498676378e-05,0.6875,.YDGIILPGK.,sp|P62913|RL11_HUMAN,0.874,0.14622788536908046,0.7924236918604651,0.04371905541828096,0.8269714765100671,increasing,decreasing,False,True,False,True
.RYEQEHAAIQDK.,AZD-1480,7,1,-0.8424674972839696,-0.6859868400941507,1.0905983870105658,0.2843670336531731,0.9556584573840112,0.0001428598262897116,0.015625,.RYEQEHAAIQDK.,sp|Q9BRQ6|MIC25_HUMAN,0.336,0.15726204215046674,0.06360583396448709,0.044912931542003945,0.03322548126951093,increasing,decreasing,False,True,True,True
.KLIQQTFR.,BMS-754807,6,1,-1.3000245007687052,-1.499789178226737,3.7762701125536005,-1.557619915959088,0.9648733407229497,0.0004682332130763086,0.0625,.KLIQQTFR.,sp|Q05397|FAK1_HUMAN,0.742,0.17535833189550049,0.15276584724994316,0.04559420912330555,0.09565324165029469,decreasing,decreasing,False,True,True,True
.APIIAVTR.,AZD-1480,8,1,-2.1373829929731194,-2.059402178613251,2.845882202163267,0.5085869751192889,0.9193054379902657,0.00016942746605481317,0.0078125,.APIIAVTR.,sp|P14618|KPYM_HUMAN,0.754,0.16407135527212688,0.05139415394553429,0.04616333691773476,0.025320925852498018,increasing,decreasing,False,True,True,True
.LVSSDPEINTK.,AZD-1480,5,1,-1.588511087599258,-1.4526069567426731,2.101222451331921,0.4692834995069295,0.9947762267627426,0.00016048975354304135,0.0625,.LVSSDPEINTK.,sp|Q9Y266|NUDC_HUMAN,0.59,0.16173689266953206,0.15276584724994316,0.04616333691773476,0.09481718634001485,increasing,decreasing,False,True,True,True
.LGAGQFGEVWMATYNK.,AT-7519,7,1,1.3379282067491687,1.3125389234291351,2.3773320584904276,-0.6449459521535805,0.8961841409188889,0.001225632811880761,0.015625,.LGAGQFGEVWMATYNK.,sp|P08631|HCK_HUMAN,0.462,0.20977658838487817,0.06360583396448709,0.046411462907035746,0.043531813063063064,decreasing,increasing,False,True,True,True
.GVDLQENNPASR.,AZD-1480,8,1,-1.862499664762744,-1.723846738665474,2.1896034648371483,0.27712992124168423,0.9132784316930389,0.00021080798119295295,0.0078125,.GVDLQENNPASR.,sp|P51148|RAB5C_HUMAN,0.784,0.16967569803415694,0.05139415394553429,0.047865123285311034,0.025320925852498018,increasing,decreasing,False,True,True,True
.ELNITAAK.,AZD-1480,8,1,-1.3475724021677102,-1.2442403585486987,1.6896657676146205,0.2661325121630581,0.914644593096874,0.0002008904201188106,0.0078125,.ELNITAAK.,sp|P62081|RS7_HUMAN,0.71,0.16783749543400608,0.05139415394553429,0.047865123285311034,0.025320925852498018,increasing,decreasing,False,True,True,True
.LFQQILSGVDYC+57.021HR.,AZD-1480,7,1,0.3139928056462722,0.2799046171481819,1.1112723585013136,-0.4081792846489871,0.9484194164702942,0.0002090581187494093,0.21875,.LFQQILSGVDYCHR.,sp|Q13131|AAPK1_HUMAN,0.916,0.16967569803415694,0.3611835256169574,0.047865123285311034,0.27424271472392636,decreasing,increasing,False,True,False,True
.GYRHPALEAR.,BMS-777607_withCAKI,8,1,-0.794009878164573,-0.7320481358198054,1.6780158780266774,-0.41642123146121074,0.9450590255498429,5.292931574087906e-05,0.0078125,.GYRHPALEAR.,sp|Q96S44|PRPK_HUMAN,0.546,0.14622788536908046,0.05139415394553429,0.04841709157396912,0.039980332167832165,decreasing,decreasing,False,True,True,True
.SRPLANGHPILNNNHR.,BMS-777607_withCAKI,8,1,-0.5391622616936527,-0.4536395114679319,1.250827658464825,-0.3479889393119523,0.9536308231196601,3.171307298651122e-05,0.0390625,.SRPLANGHPILNNNHR.,sp|Q96G23|CERS2_HUMAN,0.512,0.14622788536908046,0.11332605517654996,0.04841709157396912,0.08822820216049383,decreasing,decreasing,False,True,True,True
.VGPVSLPR.,BMS-777607_withCAKI,8,1,-0.1963250468757547,-0.26301334749036176,1.03273889653018,-0.3220897795662264,0.9472989507428193,4.667487935019651e-05,0.1953125,.VGPVSLPR.,sp|Q12802|AKP13_HUMAN,0.854,0.14622788536908046,0.33170724348284036,0.04841709157396912,0.2831412192947702,decreasing,decreasing,False,True,False,True
.HTGPNSPDTANDGFVR.,AT-7519,8,1,0.9577361083521865,1.0706197054486069,2.279631909072034,-0.5229920522180933,0.8424044521265047,0.0013031267776437232,0.015625,.HTGPNSPDTANDGFVR.,sp|P31943|HNRH1_HUMAN,0.926,0.2109083934278021,0.06360583396448709,0.048847509816523804,0.043531813063063064,decreasing,increasing,False,True,True,True
.AVANYDSVEEGEK.,AT-7519,7,1,-1.3298728484081863,-1.3673749582809793,2.072478594698392,-0.3899741829737961,0.8928196193130045,0.0013291079187546606,0.015625,.AVANYDSVEEGEK.,sp|P51659|DHB4_HUMAN,0.45,0.21091270056487807,0.06360583396448709,0.04932319486498545,0.043531813063063064,decreasing,decreasing,False,True,True,True
.LGDVYVNDAFGTAHR.,AZD-1480,8,1,-2.861035708144284,-2.6270287236528946,3.3874911720073477,0.5720584564415384,0.8664666246875129,0.0007846326657950197,0.0078125,.LGDVYVNDAFGTAHR.,sp|P00558|PGK1_HUMAN,0.882,0.19057857332655628,0.05139415394553429,0.049652796315258776,0.025320925852498018,increasing,decreasing,False,True,True,True
.TATESFASDPILYRPVAVALDTK.,AZD-1480,8,1,-2.3484254239708875,-2.2063857152150086,2.7855028976596614,0.3775419382146802,0.8737935826954728,0.000660395023775649,0.0078125,.TATESFASDPILYRPVAVALDTK.,sp|P14618|KPYM_HUMAN,0.644,0.1895083689256084,0.05139415394553429,0.049652796315258776,0.025320925852498018,increasing,decreasing,False,True,True,True
.EQGVLSFWR.,AZD-1480,8,1,-0.3865376713243549,-0.48002162794048475,0.9555185562199497,0.27376530176914493,0.8622653656510444,0.0008625761043267368,0.0078125,.EQGVLSFWR.,sp|P05141|ADT2_HUMAN,0.932,0.19518216210519632,0.05139415394553429,0.049652796315258776,0.025320925852498018,increasing,decreasing,False,True,False,True
.FLIQNVLR.,AZD-1480,8,1,-1.2360007650888623,-1.1214057944704199,1.5837134150010534,0.3080872012823447,0.8653761007203757,0.0008043836719938745,0.0078125,.FLIQNVLR.,sp|P41252|SYIC_HUMAN,0.878,0.1916771003219689,0.05139415394553429,0.049652796315258776,0.025320925852498018,increasing,decreasing,False,True,True,True
.VSQGSKDPAEGDGAQPEETPR.,AZD-1480,8,1,-1.804923654743888,-1.729067929556808,2.4067546602896996,0.3629965838907101,0.8673892223627088,0.0007681825853563644,0.0078125,.VSQGSKDPAEGDGAQPEETPR.,sp|Q14697|GANAB_HUMAN,0.808,0.19045417673838533,0.05139415394553429,0.049652796315258776,0.025320925852498018,increasing,decreasing,False,True,True,True
.AEGGGGGGRPGAPAAGDGK.,AZD-1480,8,1,-1.397906467786969,-1.401380543703493,2.0371569474206304,0.2882768487968626,0.8893315894822904,0.0004424092905138154,0.0078125,.AEGGGGGGRPGAPAAGDGK.,sp|Q00839|HNRPU_HUMAN,0.558,0.17492547662970936,0.05139415394553429,0.049652796315258776,0.025320925852498018,increasing,decreasing,False,True,True,True
.EAPVDVLTQIGR.,AZD-1480,8,1,-1.1128337947213325,-0.8749294255304054,1.3277615639705935,0.33101882683396205,0.8637132164854148,0.0008351473463661983,0.0078125,.EAPVDVLTQIGR.,sp|Q9BVC6|TM109_HUMAN,0.63,0.1949268158541477,0.05139415394553429,0.049652796315258776,0.025320925852498018,increasing,decreasing,False,True,True,True
.HGLLVPNNTTDQELQHIR.,AZD-1480,8,1,-1.0536503381364621,-0.989537476377865,1.659374600985334,0.38548399245511056,0.8623445026806444,0.000861061297143512,0.0078125,.HGLLVPNNTTDQELQHIR.,sp|P56537|IF6_HUMAN,0.468,0.19518216210519632,0.05139415394553429,0.049652796315258776,0.025320925852498018,increasing,decreasing,False,True,True,True
.AAPEASGTPSSDAVSR.,AZD-1480,8,1,-2.198597852600157,-2.0395088571979167,2.813463333774685,0.43595552077731264,0.8986732639028632,0.0003382652800909569,0.0078125,.AAPEASGTPSSDAVSR.,sp|P31146|COR1A_HUMAN,0.376,0.1709615150091138,0.05139415394553429,0.049652796315258776,0.025320925852498018,increasing,decreasing,False,True,True,True
.LVLLGESAVGK.,AZD-1480,8,1,-1.8626130649113524,-1.8336908089783783,2.453644668844312,0.3138123912650792,0.8688382279887168,0.000742822114646294,0.0078125,.LVLLGESAVGK.,sp|P51148|RAB5C_HUMAN,0.368,0.19045417673838533,0.05139415394553429,0.049652796315258776,0.025320925852498018,increasing,decreasing,False,True,True,True
.STLNEIYFGK.,AZD-1480,8,1,-0.8641408862850817,-0.8076743241700801,1.63230599377966,0.4082799554193097,0.8894416457276019,0.00044107067436727627,0.015625,.STLNEIYFGK.,sp|P47756|CAPZB_HUMAN,0.76,0.17492547662970936,0.06360583396448709,0.049652796315258776,0.03322548126951093,increasing,decreasing,False,True,True,True
.ENDYYTPTGEFR.,AZD-1480,8,1,-0.6395601292695154,-0.5491573100043934,0.920500536602578,0.2570964584744508,0.881182801573275,0.000549361009957518,0.015625,.ENDYYTPTGEFR.,sp|P46977|STT3A_HUMAN,0.906,0.18232754809382518,0.06360583396448709,0.049652796315258776,0.03322548126951093,increasing,decreasing,False,True,True,True
.GTDVASFVK.,AZD-1480,8,1,-0.550937340046822,-0.5005577038146352,0.9437534265217487,0.2699071458604679,0.8723959982495765,0.0006829780739600876,0.015625,.GTDVASFVK.,sp|P52564|MP2K6_HUMAN,0.58,0.19045417673838533,0.06360583396448709,0.049652796315258776,0.03322548126951093,increasing,decreasing,False,True,True,True
.ASTALSNEQQAR.,AZD-1480,7,1,-1.2832944856020205,-1.394122755707667,2.0393210889824154,0.3516542312792754,0.915692123878455,0.000722927741525161,0.015625,.ASTALSNEQQAR.,sp|P12270|TPR_HUMAN,0.666,0.19045417673838533,0.06360583396448709,0.049652796315258776,0.03322548126951093,increasing,decreasing,False,True,True,True
.YLAPSGPSGTLK.,AZD-1480,7,1,-2.297173449294487,-2.3128274934847743,3.2072098677097145,0.48236729198801537,0.9327793302324566,0.0004077156065040577,0.015625,.YLAPSGPSGTLK.,sp|Q16658|FSCN1_HUMAN,0.574,0.17333184038905183,0.06360583396448709,0.049652796315258776,0.03322548126951093,increasing,decreasing,False,True,True,True
.LEQDRDYTR.,AZD-1480,7,1,-1.467220111696804,-1.876146406422404,3.6971091945613885,-0.9080050793865032,0.9258428498592938,0.0005225456925732784,0.015625,.LEQDRDYTR.,sp|O94804|STK10_HUMAN,0.432,0.17990820488859213,0.06360583396448709,0.049652796315258776,0.03322548126951093,decreasing,decreasing,False,True,True,True
.ITHNPFGPGQFFDLSIR.,AZD-1480,7,1,-1.4418968658395777,-1.0332181656613126,1.689755919509686,0.4509087827850081,0.933218378943235,0.00040102423687536393,0.015625,.ITHNPFGPGQFFDLSIR.,sp|P56470|LEG4_HUMAN,0.274,0.1728999387649679,0.06360583396448709,0.049652796315258776,0.03322548126951093,increasing,decreasing,False,True,True,True
.VAQLEQVYIR.,AZD-1480,8,1,-1.0056119311495717,-0.954949563678197,1.8735214147452943,0.46780407771569943,0.8634244259926156,0.0008405702656887883,0.0234375,.VAQLEQVYIR.,sp|P62318|SMD3_HUMAN,0.762,0.19501633315186453,0.08771699709864604,0.049652796315258776,0.047632552212829436,increasing,decreasing,False,True,True,True
.GFELTFK.,AZD-1480,8,1,-0.7535086337998713,-0.6245620617645096,1.1560259616279467,0.35750048578394966,0.8856149917041326,0.0004892469466662442,0.0234375,.GFELTFK.,sp|P39656|OST48_HUMAN,0.498,0.17950762534958978,0.08771699709864604,0.049652796315258776,0.047632552212829436,increasing,decreasing,False,True,True,True
.QIGENLIVPGGVK.,AZD-1480,6,1,-1.377957169701137,-1.4278012757046898,2.248095667894056,0.3989091515185352,0.9649494713707212,0.00046619362230889577,0.03125,.QIGENLIVPGGVK.,sp|Q16555|DPYL2_HUMAN,0.526,0.17535833189550049,0.09924050944542008,0.049652796315258776,0.05543348524305555,increasing,decreasing,False,True,True,True
.ATQALVLAPTR.,AZD-1480,6,1,-2.8581241867687783,-2.6293286896575103,3.3983640456891386,0.5258114181839726,0.9731066973006478,0.0002736874229221317,0.03125,.ATQALVLAPTR.,sp|P60842|IF4A1_HUMAN,0.32,0.17089954274536773,0.09924050944542008,0.049652796315258776,0.05543348524305555,increasing,decreasing,False,True,True,True
.YIANTVELR.,AZD-1480,6,1,-0.8376238260311624,-0.837247736086681,1.6974345560783632,0.4596936031971118,0.9527177572668475,0.0008519299061452439,0.03125,.YIANTVELR.,sp|P04844|RPN2_HUMAN,0.31,0.19518216210519632,0.09924050944542008,0.049652796315258776,0.05543348524305555,increasing,decreasing,False,True,True,True
.GKYSEVFEAINITNNER.,AZD-1480,8,1,1.2252177202777652,0.9942209953165837,1.6263358253110596,-0.5031412820457453,0.8678607619456487,0.0007598661745185286,0.0390625,.GKYSEVFEAINITNNER.,sp|P19784|CSK22_HUMAN,0.938,0.19045417673838533,0.11332605517654996,0.049652796315258776,0.06607965128311258,decreasing,increasing,False,True,True,True
.ESPFSTSASPLLSGSQHFDVPPR.,AZD-1480,8,1,-0.6531265967621724,-0.4911144625896986,1.0335421245101593,0.3105509969699177,0.876727002424522,0.0006146536364430272,0.0390625,.ESPFSTSASPLLSGSQHFDVPPR.,sp|O14980|XPO1_HUMAN,0.298,0.18431664560914057,0.11332605517654996,0.049652796315258776,0.06607965128311258,increasing,decreasing,False,True,True,True
.TSAEAPSHHLQQQQQQQR.,AZD-1480,5,1,-1.101461613127892,-0.9982772791025013,1.365837738122302,0.2656196627735893,0.9855276951846796,0.0007421498432316092,0.0625,.TSAEAPSHHLQQQQQQQR.,sp|Q92609|TBCD5_HUMAN,0.392,0.19045417673838533,0.15276584724994316,0.049652796315258776,0.09481718634001485,increasing,decreasing,False,True,True,True
.KSEEEIDFLR.,AZD-1480,8,1,-0.2573938395581177,-0.2995526657693719,0.9601435567001424,0.28207997169803284,0.895216474282957,0.00037461040679909375,0.078125,.KSEEEIDFLR.,sp|Q9Y262|EIF3L_HUMAN,0.29,0.1728999387649679,0.17607289701120507,0.049652796315258776,0.11506193693693693,increasing,decreasing,False,True,False,True
.QPLPSAPENNPEEELASK.,AZD-1480,8,1,0.49423343454273727,0.3880410277077404,1.0078428322762996,-0.37072367189669864,0.8782375582997911,0.0005919605789831808,0.109375,.QPLPSAPENNPEEELASK.,sp|O14965|AURKA_HUMAN,0.558,0.18386152201807943,0.22680027756344306,0.049652796315258776,0.15570032218739116,decreasing,increasing,False,True,False,True
.APPC+57.021EYKDWLTK.,AZD-1480,7,1,-0.42966980009910927,-0.5253263722396474,1.4791522894239613,0.5106128502071806,0.9179803583290014,0.0006742772891947909,0.15625,.APPCEYKDWLTK.,sp|P78527|PRKDC_HUMAN,0.716,0.1895083689256084,0.28086736589806954,0.049652796315258776,0.20298593452002542,increasing,decreasing,False,True,False,True
.ASSDLSIASSEEDKLSQNAC+57.021ILESVSEK.,AZD-1480,6,1,-0.31282603381679586,-0.4386529888417865,1.5082129145404828,-0.5357419595130963,0.9611062806204611,0.0005747901397815219,0.15625,.ASSDLSIASSEEDKLSQNACILESVSEK.,sp|Q9H2G2|SLK_HUMAN,0.23,0.18335488355833682,0.28086736589806954,0.049652796315258776,0.20298593452002542,decreasing,decreasing,False,True,False,True
.SLQTTSPPVVAPGNENGLAVPVPLRK.,AZD-1480,8,1,-0.31680831399424036,-0.5563421107003541,2.0300035495106066,-0.6575725337873277,0.8899609814407645,0.00043479097379421947,0.1953125,.SLQTTSPPVVAPGNENGLAVPVPLRK.,sp|O94804|STK10_HUMAN,0.844,0.17492547662970936,0.33170724348284036,0.049652796315258776,0.24759373061414391,decreasing,decreasing,False,True,False,True
.LKELIFQETAR.,AZD-1480,8,1,0.21613709648100787,0.2940419645436463,1.303170039069247,0.4166910094594441,0.8890668177668275,0.00044564097780591146,0.25,.LKELIFQETAR.,sp|P27361|MK03_HUMAN,0.988,0.17492547662970936,0.38121995429111827,0.049652796315258776,0.2936907157229089,increasing,increasing,False,True,False,True
.TTDGYLLR.,AZD-1480,3,1,-0.5016815882896992,-0.42440843049820626,0.714429772666616,0.4449319107627802,0.9999994735182679,0.00046192536896724133,0.25,.TTDGYLLR.,sp|P61247|RS3A_HUMAN,0.652,0.17535833189550049,0.38121995429111827,0.049652796315258776,0.2936907157229089,increasing,decreasing,False,True,False,True
.KSNYEVLEK.,AZD-1480,8,1,0.3170889957843208,0.2118226163422836,0.9176269291018002,-0.39013983809837355,0.8676537203236506,0.0007635101355121616,0.3125,.KSNYEVLEK.,sp|Q05397|FAK1_HUMAN,0.738,0.19045417673838533,0.4451186295944583,0.049652796315258776,0.35865978657680425,decreasing,increasing,False,True,False,True
.FDKEC+57.021FK.,AZD-1480,7,1,0.42166233682094756,0.3491214728764608,1.4346135172592689,-0.6044037619659051,0.9103078079595902,0.0008456873530210217,0.375,.FDKECFK.,sp|Q05397|FAK1_HUMAN,0.83,0.19518216210519632,0.5203635972461274,0.049652796315258776,0.4269150417827298,decreasing,increasing,False,True,False,True
.GSFPSFEPR.,AZD-1480,8,1,-0.048174945171698624,-0.09651427329072249,0.7688695782638604,0.2543707534635253,0.8683301267436938,0.0007516490820351992,0.4609375,.GSFPSFEPR.,sp|Q99640|PMYT1_HUMAN,0.482,0.19045417673838533,0.6001057647019243,0.049652796315258776,0.5124732215723613,increasing,decreasing,False,True,False,True
.DLLSEFNVLK.,AZD-1480,8,1,-0.015080445675481613,-0.2591441427418397,1.9667934760230388,-0.6360090596741919,0.8761129431967045,0.0006240448778515339,0.546875,.DLLSEFNVLK.,sp|P07949|RET_HUMAN,0.63,0.18431664560914057,0.680112204825627,0.049652796315258776,0.5961798146172312,decreasing,decreasing,False,True,False,True
.LADFGVSAK.,AZD-1480,8,1,0.015025945647186845,-0.4306646322165175,2.417906680381609,-0.7623588843793268,0.9023057696404869,0.0003027242756363429,0.7421875,.LADFGVSAK.,sp|Q9H2G2|SLK_HUMAN,0.826,0.17089954274536773,0.8364680472149252,0.049652796315258776,0.7781735024371472,decreasing,increasing,False,True,False,True
.FWEVISDEHGIDPTGTYHGDSDLQLDR.,AZD-1480,8,1,-0.11869071269090803,0.0013134939169030524,0.9826856235256614,0.36588829993069355,0.86925133198181,0.0007356975941821153,0.84375,.FWEVISDEHGIDPTGTYHGDSDLQLDR.,sp|P07437|TBB5_HUMAN,0.514,0.19045417673838533,0.9051231621315947,0.049652796315258776,0.8664337311557789,increasing,decreasing,False,True,False,True
.SNYEVLEK.,AZD-1480,8,1,0.18009296148236587,-0.05160303018582235,0.9418895625936479,-0.4450915841996353,0.8932274334595859,0.0003966750936406091,0.84375,.SNYEVLEK.,sp|Q05397|FAK1_HUMAN,0.84,0.1728999387649679,0.9051231621315947,0.049652796315258776,0.8664337311557789,decreasing,increasing,False,True,False,True
.NPLDAGAAEPIASR.,AZD-1480,8,1,-0.29253005445043634,-0.05576114660400444,0.9747476902317942,0.45951903839919916,0.8710546501051817,0.0007051400959356564,0.84375,.NPLDAGAAEPIASR.,sp|O14578|CTRO_HUMAN,0.644,0.19045417673838533,0.9051231621315947,0.049652796315258776,0.8664337311557789,increasing,decreasing,False,True,False,True
.VISESPPDQWEAR.,AZD-1480,6,1,-0.0131449963909116,0.014432226468056086,0.7642717320008998,0.33399558418401937,0.9544615831042854,0.0007897715463414638,0.84375,.VISESPPDQWEAR.,sp|Q92616|GCN1_HUMAN,0.354,0.19057857332655628,0.9051231621315947,0.049652796315258776,0.8664337311557789,increasing,decreasing,False,True,False,True
.GAGGEENKENERPSAGSK.,AZD-1480,8,1,0.006022101580924755,-0.028113951435414286,0.6067614206967633,0.2817557677078392,0.8776021896259387,0.00060143517489357,1.0,.GAGGEENKENERPSAGSK.,sp|Q9UHB9|SRP68_HUMAN,0.232,0.18386152201807943,1.0,0.049652796315258776,1.0,increasing,increasing,False,True,False,True
.HIPSLATVILVK.,AT-7519,8,1,-0.6538002224103856,-0.5617395068287716,1.5398022489714904,-0.5399328414467008,0.8405032999432096,0.001351968448576572,0.078125,.HIPSLATVILVK.,sp|Q96RR4|KKCC2_HUMAN,0.562,0.2114446959940767,0.17607289701120507,0.04967480111552137,0.14561621044701156,decreasing,decreasing,False,True,False,True
.QEYDESGPSIVHR.,AZD-1480,8,1,-1.543123196096337,-1.533212730197556,2.0181365862500336,0.30931409843446367,0.8609575009733862,0.0008878738933218437,0.0078125,.QEYDESGPSIVHR.,sp|P60709|ACTB_HUMAN,0.986,0.19589110076012564,0.05139415394553429,0.049708775369950345,0.025320925852498018,increasing,decreasing,False,True,True,True
.IFTSIGEDYDER.,AZD-1480,8,1,-0.5088021117254549,-0.4556618681762772,0.9655665847518158,0.2785702999702495,0.8613851468779099,0.0008795472573191223,0.0234375,.IFTSIGEDYDER.,sp|P35232|PHB_HUMAN,0.972,0.1957518166633498,0.08771699709864604,0.049708775369950345,0.047632552212829436,increasing,decreasing,False,True,True,True
